INSERT INTO `cart_items` (`id`, `user_id`, `product_id`, `quantity`, `created_at`, `updated_at`) VALUES (38, 4, 5, 2, '2024-10-06 08:12:38', '2024-10-06 08:15:37');
INSERT INTO `cart_items` (`id`, `user_id`, `product_id`, `quantity`, `created_at`, `updated_at`) VALUES (39, 4, 12, 4, '2024-10-06 08:12:41', '2024-10-06 08:16:21');
INSERT INTO `cart_items` (`id`, `user_id`, `product_id`, `quantity`, `created_at`, `updated_at`) VALUES (40, 4, 10, 3, '2024-10-06 08:15:32', '2024-10-06 08:16:13');
INSERT INTO `cart_items` (`id`, `user_id`, `product_id`, `quantity`, `created_at`, `updated_at`) VALUES (125, 15, 28, 2, '2024-10-09 14:12:39', '2024-10-09 15:11:34');
INSERT INTO `cart_items` (`id`, `user_id`, `product_id`, `quantity`, `created_at`, `updated_at`) VALUES (126, 15, 29, 2, '2024-10-09 14:12:39', '2024-10-09 15:11:36');
INSERT INTO `cart_items` (`id`, `user_id`, `product_id`, `quantity`, `created_at`, `updated_at`) VALUES (149, 13, 18, 1, '2024-10-10 10:16:30', '2024-10-10 10:16:30');
INSERT INTO `cart_items` (`id`, `user_id`, `product_id`, `quantity`, `created_at`, `updated_at`) VALUES (157, 20, 5, 1, '2024-10-11 10:12:39', '2024-10-11 10:12:39');
INSERT INTO `cart_items` (`id`, `user_id`, `product_id`, `quantity`, `created_at`, `updated_at`) VALUES (158, 20, 8, 1, '2024-10-11 10:12:39', '2024-10-11 10:12:39');
INSERT INTO `cart_items` (`id`, `user_id`, `product_id`, `quantity`, `created_at`, `updated_at`) VALUES (159, 20, 9, 1, '2024-10-11 10:12:39', '2024-10-11 10:12:39');
INSERT INTO `cart_items` (`id`, `user_id`, `product_id`, `quantity`, `created_at`, `updated_at`) VALUES (160, 20, 13, 1, '2024-10-11 10:12:39', '2024-10-11 10:12:39');
INSERT INTO `cart_items` (`id`, `user_id`, `product_id`, `quantity`, `created_at`, `updated_at`) VALUES (161, 20, 14, 1, '2024-10-11 10:12:39', '2024-10-11 10:12:39');
INSERT INTO `cart_items` (`id`, `user_id`, `product_id`, `quantity`, `created_at`, `updated_at`) VALUES (162, 20, 17, 1, '2024-10-11 10:12:39', '2024-10-11 10:12:39');
INSERT INTO `cart_items` (`id`, `user_id`, `product_id`, `quantity`, `created_at`, `updated_at`) VALUES (163, 20, 18, 1, '2024-10-11 10:12:39', '2024-10-11 10:12:39');
INSERT INTO `categories` (`id`, `category_name`, `slug`, `category_image`, `sort`, `is_show`, `created_at`, `updated_at`) VALUES (3, 'Combo Nhóm', 'combo-nhom', 'categories/sOdI3Hk2EeqF1LrEU1NLUv3Nkdq2lJNAOGhQ0yfj.jpg', 1, 1, '2024-10-04 07:54:01', '2024-10-11 10:18:11');
INSERT INTO `categories` (`id`, `category_name`, `slug`, `category_image`, `sort`, `is_show`, `created_at`, `updated_at`) VALUES (4, 'Burger - Cơm - Mì Ý', 'burger-com-mi-y', 'categories/VONIxONtlo83OoraMACykujtu8YrUFiXUJV0Jt5c.jpg', 1, 1, '2024-10-04 07:54:28', '2024-10-04 07:54:28');
INSERT INTO `categories` (`id`, `category_name`, `slug`, `category_image`, `sort`, `is_show`, `created_at`, `updated_at`) VALUES (5, 'Thức Ăn Nhẹ', 'thuc-an-nhe', 'categories/2yzHpWo7sIetBZYTmfRNQQk3dYVOJoNmV4XJjUqU.jpg', 1, 1, '2024-10-04 07:54:46', '2024-10-04 07:54:46');
INSERT INTO `categories` (`id`, `category_name`, `slug`, `category_image`, `sort`, `is_show`, `created_at`, `updated_at`) VALUES (6, 'Thức Uống & Tráng Miệng', 'thuc-uong-trang-mieng', 'categories/BwQqAkBQyqqtTx2itC83MzorEtNFLQtLnmDcVOuZ.jpg', 1, 1, '2024-10-04 07:55:33', '2024-10-04 07:55:33');
INSERT INTO `categories` (`id`, `category_name`, `slug`, `category_image`, `sort`, `is_show`, `created_at`, `updated_at`) VALUES (7, 'Gà Rán - Gà Quay', 'ga-ran-ga-quay', 'categories/fSyhmqzXrv3E8icWwj2TowteZBcbTj1CFMy1kYbw.jpg', 1, 1, '2024-10-04 07:56:02', '2024-10-04 07:56:02');
INSERT INTO `categories` (`id`, `category_name`, `slug`, `category_image`, `sort`, `is_show`, `created_at`, `updated_at`) VALUES (8, 'Combo 1 Người', 'combo-1-nguoi', 'categories/l1YLws4rxTfblE27zlHJHXqQ08Szb3H6P1zR87oF.jpg', 1, 1, '2024-10-04 07:56:49', '2024-10-04 07:56:49');
INSERT INTO `coupons` (`id`, `code`, `discount_percentage`, `quantity`, `used_quantity`, `start_date`, `end_date`, `created_at`, `updated_at`) VALUES (2, 'magiam20%', 20, 100, 1, '2024-10-09', '2024-11-09', '2024-10-09 16:06:22', '2024-10-10 09:26:15');
INSERT INTO `coupons` (`id`, `code`, `discount_percentage`, `quantity`, `used_quantity`, `start_date`, `end_date`, `created_at`, `updated_at`) VALUES (3, 'magiam15%', 15, 100, 2, '2024-10-10', '2024-11-09', '2024-10-10 09:23:33', '2024-10-11 10:09:54');
INSERT INTO `failed_jobs` (`id`, `uuid`, `connection`, `queue`, `payload`, `exception`, `failed_at`) VALUES (1, '20f0cb39-e1cf-4667-816f-d555ba1fe82d', 'database', 'default', '{\"uuid\":\"20f0cb39-e1cf-4667-816f-d555ba1fe82d\",\"displayName\":\"App\\\\Jobs\\\\SendMailResetJob\",\"job\":\"Illuminate\\\\Queue\\\\CallQueuedHandler@call\",\"maxTries\":null,\"maxExceptions\":null,\"failOnTimeout\":false,\"backoff\":null,\"timeout\":null,\"retryUntil\":null,\"data\":{\"commandName\":\"App\\\\Jobs\\\\SendMailResetJob\",\"command\":\"O:25:\\\"App\\\\Jobs\\\\SendMailResetJob\\\":2:{s:8:\\\"resetUrl\\\";s:133:\\\"http:\\/\\/localhost:8000\\/reset-password?token=kWqRvX9nDACePguT384ALgYEDc8LWeVaYwkwzzsR58G3gHe9NSmqoEH0Rpt3&email=nlcongthao123@gmail.com\\\";s:5:\\\"email\\\";s:23:\\\"nlcongthao123@gmail.com\\\";}\"}}', 'Symfony\\Component\\Mailer\\Exception\\TransportException: Connection could not be established with host \"ssl://smtp.gmail.com:465\": stream_socket_client(): SSL operation failed with code 1. OpenSSL Error messages:\nerror:0A000086:SSL routines::certificate verify failed in D:\\laragon\\www\\restaurant_food\\vendor\\symfony\\mailer\\Transport\\Smtp\\Stream\\SocketStream.php:154\nStack trace:\n#0 [internal function]: Symfony\\Component\\Mailer\\Transport\\Smtp\\Stream\\SocketStream->Symfony\\Component\\Mailer\\Transport\\Smtp\\Stream\\{closure}(2, \'stream_socket_c...\', \'D:\\\\laragon\\\\www\\\\...\', 157)\n#1 D:\\laragon\\www\\restaurant_food\\vendor\\symfony\\mailer\\Transport\\Smtp\\Stream\\SocketStream.php(157): stream_socket_client(\'ssl://smtp.gmai...\', 0, \'\', 60.0, 4, Resource id #781)\n#2 D:\\laragon\\www\\restaurant_food\\vendor\\symfony\\mailer\\Transport\\Smtp\\SmtpTransport.php(270): Symfony\\Component\\Mailer\\Transport\\Smtp\\Stream\\SocketStream->initialize()\n#3 D:\\laragon\\www\\restaurant_food\\vendor\\symfony\\mailer\\Transport\\Smtp\\SmtpTransport.php(209): Symfony\\Component\\Mailer\\Transport\\Smtp\\SmtpTransport->start()\n#4 D:\\laragon\\www\\restaurant_food\\vendor\\symfony\\mailer\\Transport\\AbstractTransport.php(69): Symfony\\Component\\Mailer\\Transport\\Smtp\\SmtpTransport->doSend(Object(Symfony\\Component\\Mailer\\SentMessage))\n#5 D:\\laragon\\www\\restaurant_food\\vendor\\symfony\\mailer\\Transport\\Smtp\\SmtpTransport.php(137): Symfony\\Component\\Mailer\\Transport\\AbstractTransport->send(Object(Symfony\\Component\\Mime\\Email), Object(Symfony\\Component\\Mailer\\DelayedEnvelope))\n#6 D:\\laragon\\www\\restaurant_food\\vendor\\laravel\\framework\\src\\Illuminate\\Mail\\Mailer.php(585): Symfony\\Component\\Mailer\\Transport\\Smtp\\SmtpTransport->send(Object(Symfony\\Component\\Mime\\Email), Object(Symfony\\Component\\Mailer\\DelayedEnvelope))\n#7 D:\\laragon\\www\\restaurant_food\\vendor\\laravel\\framework\\src\\Illuminate\\Mail\\Mailer.php(332): Illuminate\\Mail\\Mailer->sendSymfonyMessage(Object(Symfony\\Component\\Mime\\Email))\n#8 D:\\laragon\\www\\restaurant_food\\vendor\\laravel\\framework\\src\\Illuminate\\Mail\\Mailable.php(205): Illuminate\\Mail\\Mailer->send(\'reset-password\', Array, Object(Closure))\n#9 D:\\laragon\\www\\restaurant_food\\vendor\\laravel\\framework\\src\\Illuminate\\Support\\Traits\\Localizable.php(19): Illuminate\\Mail\\Mailable->Illuminate\\Mail\\{closure}()\n#10 D:\\laragon\\www\\restaurant_food\\vendor\\laravel\\framework\\src\\Illuminate\\Mail\\Mailable.php(198): Illuminate\\Mail\\Mailable->withLocale(NULL, Object(Closure))\n#11 D:\\laragon\\www\\restaurant_food\\vendor\\laravel\\framework\\src\\Illuminate\\Mail\\Mailer.php(354): Illuminate\\Mail\\Mailable->send(Object(Illuminate\\Mail\\Mailer))\n#12 D:\\laragon\\www\\restaurant_food\\vendor\\laravel\\framework\\src\\Illuminate\\Mail\\Mailer.php(301): Illuminate\\Mail\\Mailer->sendMailable(Object(App\\Mail\\ResetPasswordMail))\n#13 D:\\laragon\\www\\restaurant_food\\vendor\\laravel\\framework\\src\\Illuminate\\Mail\\PendingMail.php(124): Illuminate\\Mail\\Mailer->send(Object(App\\Mail\\ResetPasswordMail))\n#14 D:\\laragon\\www\\restaurant_food\\app\\Jobs\\SendMailResetJob.php(33): Illuminate\\Mail\\PendingMail->send(Object(App\\Mail\\ResetPasswordMail))\n#15 D:\\laragon\\www\\restaurant_food\\vendor\\laravel\\framework\\src\\Illuminate\\Container\\BoundMethod.php(36): App\\Jobs\\SendMailResetJob->handle()\n#16 D:\\laragon\\www\\restaurant_food\\vendor\\laravel\\framework\\src\\Illuminate\\Container\\Util.php(43): Illuminate\\Container\\BoundMethod::Illuminate\\Container\\{closure}()\n#17 D:\\laragon\\www\\restaurant_food\\vendor\\laravel\\framework\\src\\Illuminate\\Container\\BoundMethod.php(95): Illuminate\\Container\\Util::unwrapIfClosure(Object(Closure))\n#18 D:\\laragon\\www\\restaurant_food\\vendor\\laravel\\framework\\src\\Illuminate\\Container\\BoundMethod.php(35): Illuminate\\Container\\BoundMethod::callBoundMethod(Object(Illuminate\\Foundation\\Application), Array, Object(Closure))\n#19 D:\\laragon\\www\\restaurant_food\\vendor\\laravel\\framework\\src\\Illuminate\\Container\\Container.php(690): Illuminate\\Container\\BoundMethod::call(Object(Illuminate\\Foundation\\Application), Array, Array, NULL)\n#20 D:\\laragon\\www\\restaurant_food\\vendor\\laravel\\framework\\src\\Illuminate\\Bus\\Dispatcher.php(128): Illuminate\\Container\\Container->call(Array)\n#21 D:\\laragon\\www\\restaurant_food\\vendor\\laravel\\framework\\src\\Illuminate\\Pipeline\\Pipeline.php(144): Illuminate\\Bus\\Dispatcher->Illuminate\\Bus\\{closure}(Object(App\\Jobs\\SendMailResetJob))\n#22 D:\\laragon\\www\\restaurant_food\\vendor\\laravel\\framework\\src\\Illuminate\\Pipeline\\Pipeline.php(119): Illuminate\\Pipeline\\Pipeline->Illuminate\\Pipeline\\{closure}(Object(App\\Jobs\\SendMailResetJob))\n#23 D:\\laragon\\www\\restaurant_food\\vendor\\laravel\\framework\\src\\Illuminate\\Bus\\Dispatcher.php(132): Illuminate\\Pipeline\\Pipeline->then(Object(Closure))\n#24 D:\\laragon\\www\\restaurant_food\\vendor\\laravel\\framework\\src\\Illuminate\\Queue\\CallQueuedHandler.php(124): Illuminate\\Bus\\Dispatcher->dispatchNow(Object(App\\Jobs\\SendMailResetJob), false)\n#25 D:\\laragon\\www\\restaurant_food\\vendor\\laravel\\framework\\src\\Illuminate\\Pipeline\\Pipeline.php(144): Illuminate\\Queue\\CallQueuedHandler->Illuminate\\Queue\\{closure}(Object(App\\Jobs\\SendMailResetJob))\n#26 D:\\laragon\\www\\restaurant_food\\vendor\\laravel\\framework\\src\\Illuminate\\Pipeline\\Pipeline.php(119): Illuminate\\Pipeline\\Pipeline->Illuminate\\Pipeline\\{closure}(Object(App\\Jobs\\SendMailResetJob))\n#27 D:\\laragon\\www\\restaurant_food\\vendor\\laravel\\framework\\src\\Illuminate\\Queue\\CallQueuedHandler.php(123): Illuminate\\Pipeline\\Pipeline->then(Object(Closure))\n#28 D:\\laragon\\www\\restaurant_food\\vendor\\laravel\\framework\\src\\Illuminate\\Queue\\CallQueuedHandler.php(71): Illuminate\\Queue\\CallQueuedHandler->dispatchThroughMiddleware(Object(Illuminate\\Queue\\Jobs\\DatabaseJob), Object(App\\Jobs\\SendMailResetJob))\n#29 D:\\laragon\\www\\restaurant_food\\vendor\\laravel\\framework\\src\\Illuminate\\Queue\\Jobs\\Job.php(102): Illuminate\\Queue\\CallQueuedHandler->call(Object(Illuminate\\Queue\\Jobs\\DatabaseJob), Array)\n#30 D:\\laragon\\www\\restaurant_food\\vendor\\laravel\\framework\\src\\Illuminate\\Queue\\Worker.php(440): Illuminate\\Queue\\Jobs\\Job->fire()\n#31 D:\\laragon\\www\\restaurant_food\\vendor\\laravel\\framework\\src\\Illuminate\\Queue\\Worker.php(390): Illuminate\\Queue\\Worker->process(\'database\', Object(Illuminate\\Queue\\Jobs\\DatabaseJob), Object(Illuminate\\Queue\\WorkerOptions))\n#32 D:\\laragon\\www\\restaurant_food\\vendor\\laravel\\framework\\src\\Illuminate\\Queue\\Worker.php(177): Illuminate\\Queue\\Worker->runJob(Object(Illuminate\\Queue\\Jobs\\DatabaseJob), \'database\', Object(Illuminate\\Queue\\WorkerOptions))\n#33 D:\\laragon\\www\\restaurant_food\\vendor\\laravel\\framework\\src\\Illuminate\\Queue\\Console\\WorkCommand.php(139): Illuminate\\Queue\\Worker->daemon(\'database\', \'default\', Object(Illuminate\\Queue\\WorkerOptions))\n#34 D:\\laragon\\www\\restaurant_food\\vendor\\laravel\\framework\\src\\Illuminate\\Queue\\Console\\WorkCommand.php(122): Illuminate\\Queue\\Console\\WorkCommand->runWorker(\'database\', \'default\')\n#35 D:\\laragon\\www\\restaurant_food\\vendor\\laravel\\framework\\src\\Illuminate\\Container\\BoundMethod.php(36): Illuminate\\Queue\\Console\\WorkCommand->handle()\n#36 D:\\laragon\\www\\restaurant_food\\vendor\\laravel\\framework\\src\\Illuminate\\Container\\Util.php(43): Illuminate\\Container\\BoundMethod::Illuminate\\Container\\{closure}()\n#37 D:\\laragon\\www\\restaurant_food\\vendor\\laravel\\framework\\src\\Illuminate\\Container\\BoundMethod.php(95): Illuminate\\Container\\Util::unwrapIfClosure(Object(Closure))\n#38 D:\\laragon\\www\\restaurant_food\\vendor\\laravel\\framework\\src\\Illuminate\\Container\\BoundMethod.php(35): Illuminate\\Container\\BoundMethod::callBoundMethod(Object(Illuminate\\Foundation\\Application), Array, Object(Closure))\n#39 D:\\laragon\\www\\restaurant_food\\vendor\\laravel\\framework\\src\\Illuminate\\Container\\Container.php(690): Illuminate\\Container\\BoundMethod::call(Object(Illuminate\\Foundation\\Application), Array, Array, NULL)\n#40 D:\\laragon\\www\\restaurant_food\\vendor\\laravel\\framework\\src\\Illuminate\\Console\\Command.php(213): Illuminate\\Container\\Container->call(Array)\n#41 D:\\laragon\\www\\restaurant_food\\vendor\\symfony\\console\\Command\\Command.php(279): Illuminate\\Console\\Command->execute(Object(Symfony\\Component\\Console\\Input\\ArgvInput), Object(Illuminate\\Console\\OutputStyle))\n#42 D:\\laragon\\www\\restaurant_food\\vendor\\laravel\\framework\\src\\Illuminate\\Console\\Command.php(182): Symfony\\Component\\Console\\Command\\Command->run(Object(Symfony\\Component\\Console\\Input\\ArgvInput), Object(Illuminate\\Console\\OutputStyle))\n#43 D:\\laragon\\www\\restaurant_food\\vendor\\symfony\\console\\Application.php(1047): Illuminate\\Console\\Command->run(Object(Symfony\\Component\\Console\\Input\\ArgvInput), Object(Symfony\\Component\\Console\\Output\\ConsoleOutput))\n#44 D:\\laragon\\www\\restaurant_food\\vendor\\symfony\\console\\Application.php(316): Symfony\\Component\\Console\\Application->doRunCommand(Object(Illuminate\\Queue\\Console\\WorkCommand), Object(Symfony\\Component\\Console\\Input\\ArgvInput), Object(Symfony\\Component\\Console\\Output\\ConsoleOutput))\n#45 D:\\laragon\\www\\restaurant_food\\vendor\\symfony\\console\\Application.php(167): Symfony\\Component\\Console\\Application->doRun(Object(Symfony\\Component\\Console\\Input\\ArgvInput), Object(Symfony\\Component\\Console\\Output\\ConsoleOutput))\n#46 D:\\laragon\\www\\restaurant_food\\vendor\\laravel\\framework\\src\\Illuminate\\Foundation\\Console\\Kernel.php(197): Symfony\\Component\\Console\\Application->run(Object(Symfony\\Component\\Console\\Input\\ArgvInput), Object(Symfony\\Component\\Console\\Output\\ConsoleOutput))\n#47 D:\\laragon\\www\\restaurant_food\\vendor\\laravel\\framework\\src\\Illuminate\\Foundation\\Application.php(1203): Illuminate\\Foundation\\Console\\Kernel->handle(Object(Symfony\\Component\\Console\\Input\\ArgvInput), Object(Symfony\\Component\\Console\\Output\\ConsoleOutput))\n#48 D:\\laragon\\www\\restaurant_food\\artisan(13): Illuminate\\Foundation\\Application->handleCommand(Object(Symfony\\Component\\Console\\Input\\ArgvInput))\n#49 {main}', '2024-10-11 09:57:06');
INSERT INTO `failed_jobs` (`id`, `uuid`, `connection`, `queue`, `payload`, `exception`, `failed_at`) VALUES (2, '67f2208d-a145-40a9-a7d7-a47109633d97', 'database', 'default', '{\"uuid\":\"67f2208d-a145-40a9-a7d7-a47109633d97\",\"displayName\":\"App\\\\Jobs\\\\SendMailResetJob\",\"job\":\"Illuminate\\\\Queue\\\\CallQueuedHandler@call\",\"maxTries\":null,\"maxExceptions\":null,\"failOnTimeout\":false,\"backoff\":null,\"timeout\":null,\"retryUntil\":null,\"data\":{\"commandName\":\"App\\\\Jobs\\\\SendMailResetJob\",\"command\":\"O:25:\\\"App\\\\Jobs\\\\SendMailResetJob\\\":2:{s:8:\\\"resetUrl\\\";s:130:\\\"http:\\/\\/localhost:8000\\/reset-password?token=YhMLLtmYJXhZJLhIvKjQNlDPMLj7yqZAQmcZRyCoA5DmcEOTF1cljyEv7bez&email=nlcongthao@gmail.com\\\";s:5:\\\"email\\\";s:20:\\\"nlcongthao@gmail.com\\\";}\"}}', 'Symfony\\Component\\Mailer\\Exception\\TransportException: Connection could not be established with host \"ssl://smtp.gmail.com:465\": stream_socket_client(): SSL operation failed with code 1. OpenSSL Error messages:\nerror:0A000086:SSL routines::certificate verify failed in D:\\laragon\\www\\restaurant_food\\vendor\\symfony\\mailer\\Transport\\Smtp\\Stream\\SocketStream.php:154\nStack trace:\n#0 [internal function]: Symfony\\Component\\Mailer\\Transport\\Smtp\\Stream\\SocketStream->Symfony\\Component\\Mailer\\Transport\\Smtp\\Stream\\{closure}(2, \'stream_socket_c...\', \'D:\\\\laragon\\\\www\\\\...\', 157)\n#1 D:\\laragon\\www\\restaurant_food\\vendor\\symfony\\mailer\\Transport\\Smtp\\Stream\\SocketStream.php(157): stream_socket_client(\'ssl://smtp.gmai...\', 0, \'\', 60.0, 4, Resource id #843)\n#2 D:\\laragon\\www\\restaurant_food\\vendor\\symfony\\mailer\\Transport\\Smtp\\SmtpTransport.php(270): Symfony\\Component\\Mailer\\Transport\\Smtp\\Stream\\SocketStream->initialize()\n#3 D:\\laragon\\www\\restaurant_food\\vendor\\symfony\\mailer\\Transport\\Smtp\\SmtpTransport.php(209): Symfony\\Component\\Mailer\\Transport\\Smtp\\SmtpTransport->start()\n#4 D:\\laragon\\www\\restaurant_food\\vendor\\symfony\\mailer\\Transport\\AbstractTransport.php(69): Symfony\\Component\\Mailer\\Transport\\Smtp\\SmtpTransport->doSend(Object(Symfony\\Component\\Mailer\\SentMessage))\n#5 D:\\laragon\\www\\restaurant_food\\vendor\\symfony\\mailer\\Transport\\Smtp\\SmtpTransport.php(137): Symfony\\Component\\Mailer\\Transport\\AbstractTransport->send(Object(Symfony\\Component\\Mime\\Email), Object(Symfony\\Component\\Mailer\\DelayedEnvelope))\n#6 D:\\laragon\\www\\restaurant_food\\vendor\\laravel\\framework\\src\\Illuminate\\Mail\\Mailer.php(585): Symfony\\Component\\Mailer\\Transport\\Smtp\\SmtpTransport->send(Object(Symfony\\Component\\Mime\\Email), Object(Symfony\\Component\\Mailer\\DelayedEnvelope))\n#7 D:\\laragon\\www\\restaurant_food\\vendor\\laravel\\framework\\src\\Illuminate\\Mail\\Mailer.php(332): Illuminate\\Mail\\Mailer->sendSymfonyMessage(Object(Symfony\\Component\\Mime\\Email))\n#8 D:\\laragon\\www\\restaurant_food\\vendor\\laravel\\framework\\src\\Illuminate\\Mail\\Mailable.php(205): Illuminate\\Mail\\Mailer->send(\'reset-password\', Array, Object(Closure))\n#9 D:\\laragon\\www\\restaurant_food\\vendor\\laravel\\framework\\src\\Illuminate\\Support\\Traits\\Localizable.php(19): Illuminate\\Mail\\Mailable->Illuminate\\Mail\\{closure}()\n#10 D:\\laragon\\www\\restaurant_food\\vendor\\laravel\\framework\\src\\Illuminate\\Mail\\Mailable.php(198): Illuminate\\Mail\\Mailable->withLocale(NULL, Object(Closure))\n#11 D:\\laragon\\www\\restaurant_food\\vendor\\laravel\\framework\\src\\Illuminate\\Mail\\Mailer.php(354): Illuminate\\Mail\\Mailable->send(Object(Illuminate\\Mail\\Mailer))\n#12 D:\\laragon\\www\\restaurant_food\\vendor\\laravel\\framework\\src\\Illuminate\\Mail\\Mailer.php(301): Illuminate\\Mail\\Mailer->sendMailable(Object(App\\Mail\\ResetPasswordMail))\n#13 D:\\laragon\\www\\restaurant_food\\vendor\\laravel\\framework\\src\\Illuminate\\Mail\\PendingMail.php(124): Illuminate\\Mail\\Mailer->send(Object(App\\Mail\\ResetPasswordMail))\n#14 D:\\laragon\\www\\restaurant_food\\app\\Jobs\\SendMailResetJob.php(33): Illuminate\\Mail\\PendingMail->send(Object(App\\Mail\\ResetPasswordMail))\n#15 D:\\laragon\\www\\restaurant_food\\vendor\\laravel\\framework\\src\\Illuminate\\Container\\BoundMethod.php(36): App\\Jobs\\SendMailResetJob->handle()\n#16 D:\\laragon\\www\\restaurant_food\\vendor\\laravel\\framework\\src\\Illuminate\\Container\\Util.php(43): Illuminate\\Container\\BoundMethod::Illuminate\\Container\\{closure}()\n#17 D:\\laragon\\www\\restaurant_food\\vendor\\laravel\\framework\\src\\Illuminate\\Container\\BoundMethod.php(95): Illuminate\\Container\\Util::unwrapIfClosure(Object(Closure))\n#18 D:\\laragon\\www\\restaurant_food\\vendor\\laravel\\framework\\src\\Illuminate\\Container\\BoundMethod.php(35): Illuminate\\Container\\BoundMethod::callBoundMethod(Object(Illuminate\\Foundation\\Application), Array, Object(Closure))\n#19 D:\\laragon\\www\\restaurant_food\\vendor\\laravel\\framework\\src\\Illuminate\\Container\\Container.php(690): Illuminate\\Container\\BoundMethod::call(Object(Illuminate\\Foundation\\Application), Array, Array, NULL)\n#20 D:\\laragon\\www\\restaurant_food\\vendor\\laravel\\framework\\src\\Illuminate\\Bus\\Dispatcher.php(128): Illuminate\\Container\\Container->call(Array)\n#21 D:\\laragon\\www\\restaurant_food\\vendor\\laravel\\framework\\src\\Illuminate\\Pipeline\\Pipeline.php(144): Illuminate\\Bus\\Dispatcher->Illuminate\\Bus\\{closure}(Object(App\\Jobs\\SendMailResetJob))\n#22 D:\\laragon\\www\\restaurant_food\\vendor\\laravel\\framework\\src\\Illuminate\\Pipeline\\Pipeline.php(119): Illuminate\\Pipeline\\Pipeline->Illuminate\\Pipeline\\{closure}(Object(App\\Jobs\\SendMailResetJob))\n#23 D:\\laragon\\www\\restaurant_food\\vendor\\laravel\\framework\\src\\Illuminate\\Bus\\Dispatcher.php(132): Illuminate\\Pipeline\\Pipeline->then(Object(Closure))\n#24 D:\\laragon\\www\\restaurant_food\\vendor\\laravel\\framework\\src\\Illuminate\\Queue\\CallQueuedHandler.php(124): Illuminate\\Bus\\Dispatcher->dispatchNow(Object(App\\Jobs\\SendMailResetJob), false)\n#25 D:\\laragon\\www\\restaurant_food\\vendor\\laravel\\framework\\src\\Illuminate\\Pipeline\\Pipeline.php(144): Illuminate\\Queue\\CallQueuedHandler->Illuminate\\Queue\\{closure}(Object(App\\Jobs\\SendMailResetJob))\n#26 D:\\laragon\\www\\restaurant_food\\vendor\\laravel\\framework\\src\\Illuminate\\Pipeline\\Pipeline.php(119): Illuminate\\Pipeline\\Pipeline->Illuminate\\Pipeline\\{closure}(Object(App\\Jobs\\SendMailResetJob))\n#27 D:\\laragon\\www\\restaurant_food\\vendor\\laravel\\framework\\src\\Illuminate\\Queue\\CallQueuedHandler.php(123): Illuminate\\Pipeline\\Pipeline->then(Object(Closure))\n#28 D:\\laragon\\www\\restaurant_food\\vendor\\laravel\\framework\\src\\Illuminate\\Queue\\CallQueuedHandler.php(71): Illuminate\\Queue\\CallQueuedHandler->dispatchThroughMiddleware(Object(Illuminate\\Queue\\Jobs\\DatabaseJob), Object(App\\Jobs\\SendMailResetJob))\n#29 D:\\laragon\\www\\restaurant_food\\vendor\\laravel\\framework\\src\\Illuminate\\Queue\\Jobs\\Job.php(102): Illuminate\\Queue\\CallQueuedHandler->call(Object(Illuminate\\Queue\\Jobs\\DatabaseJob), Array)\n#30 D:\\laragon\\www\\restaurant_food\\vendor\\laravel\\framework\\src\\Illuminate\\Queue\\Worker.php(440): Illuminate\\Queue\\Jobs\\Job->fire()\n#31 D:\\laragon\\www\\restaurant_food\\vendor\\laravel\\framework\\src\\Illuminate\\Queue\\Worker.php(390): Illuminate\\Queue\\Worker->process(\'database\', Object(Illuminate\\Queue\\Jobs\\DatabaseJob), Object(Illuminate\\Queue\\WorkerOptions))\n#32 D:\\laragon\\www\\restaurant_food\\vendor\\laravel\\framework\\src\\Illuminate\\Queue\\Worker.php(177): Illuminate\\Queue\\Worker->runJob(Object(Illuminate\\Queue\\Jobs\\DatabaseJob), \'database\', Object(Illuminate\\Queue\\WorkerOptions))\n#33 D:\\laragon\\www\\restaurant_food\\vendor\\laravel\\framework\\src\\Illuminate\\Queue\\Console\\WorkCommand.php(139): Illuminate\\Queue\\Worker->daemon(\'database\', \'default\', Object(Illuminate\\Queue\\WorkerOptions))\n#34 D:\\laragon\\www\\restaurant_food\\vendor\\laravel\\framework\\src\\Illuminate\\Queue\\Console\\WorkCommand.php(122): Illuminate\\Queue\\Console\\WorkCommand->runWorker(\'database\', \'default\')\n#35 D:\\laragon\\www\\restaurant_food\\vendor\\laravel\\framework\\src\\Illuminate\\Container\\BoundMethod.php(36): Illuminate\\Queue\\Console\\WorkCommand->handle()\n#36 D:\\laragon\\www\\restaurant_food\\vendor\\laravel\\framework\\src\\Illuminate\\Container\\Util.php(43): Illuminate\\Container\\BoundMethod::Illuminate\\Container\\{closure}()\n#37 D:\\laragon\\www\\restaurant_food\\vendor\\laravel\\framework\\src\\Illuminate\\Container\\BoundMethod.php(95): Illuminate\\Container\\Util::unwrapIfClosure(Object(Closure))\n#38 D:\\laragon\\www\\restaurant_food\\vendor\\laravel\\framework\\src\\Illuminate\\Container\\BoundMethod.php(35): Illuminate\\Container\\BoundMethod::callBoundMethod(Object(Illuminate\\Foundation\\Application), Array, Object(Closure))\n#39 D:\\laragon\\www\\restaurant_food\\vendor\\laravel\\framework\\src\\Illuminate\\Container\\Container.php(690): Illuminate\\Container\\BoundMethod::call(Object(Illuminate\\Foundation\\Application), Array, Array, NULL)\n#40 D:\\laragon\\www\\restaurant_food\\vendor\\laravel\\framework\\src\\Illuminate\\Console\\Command.php(213): Illuminate\\Container\\Container->call(Array)\n#41 D:\\laragon\\www\\restaurant_food\\vendor\\symfony\\console\\Command\\Command.php(279): Illuminate\\Console\\Command->execute(Object(Symfony\\Component\\Console\\Input\\ArgvInput), Object(Illuminate\\Console\\OutputStyle))\n#42 D:\\laragon\\www\\restaurant_food\\vendor\\laravel\\framework\\src\\Illuminate\\Console\\Command.php(182): Symfony\\Component\\Console\\Command\\Command->run(Object(Symfony\\Component\\Console\\Input\\ArgvInput), Object(Illuminate\\Console\\OutputStyle))\n#43 D:\\laragon\\www\\restaurant_food\\vendor\\symfony\\console\\Application.php(1047): Illuminate\\Console\\Command->run(Object(Symfony\\Component\\Console\\Input\\ArgvInput), Object(Symfony\\Component\\Console\\Output\\ConsoleOutput))\n#44 D:\\laragon\\www\\restaurant_food\\vendor\\symfony\\console\\Application.php(316): Symfony\\Component\\Console\\Application->doRunCommand(Object(Illuminate\\Queue\\Console\\WorkCommand), Object(Symfony\\Component\\Console\\Input\\ArgvInput), Object(Symfony\\Component\\Console\\Output\\ConsoleOutput))\n#45 D:\\laragon\\www\\restaurant_food\\vendor\\symfony\\console\\Application.php(167): Symfony\\Component\\Console\\Application->doRun(Object(Symfony\\Component\\Console\\Input\\ArgvInput), Object(Symfony\\Component\\Console\\Output\\ConsoleOutput))\n#46 D:\\laragon\\www\\restaurant_food\\vendor\\laravel\\framework\\src\\Illuminate\\Foundation\\Console\\Kernel.php(197): Symfony\\Component\\Console\\Application->run(Object(Symfony\\Component\\Console\\Input\\ArgvInput), Object(Symfony\\Component\\Console\\Output\\ConsoleOutput))\n#47 D:\\laragon\\www\\restaurant_food\\vendor\\laravel\\framework\\src\\Illuminate\\Foundation\\Application.php(1203): Illuminate\\Foundation\\Console\\Kernel->handle(Object(Symfony\\Component\\Console\\Input\\ArgvInput), Object(Symfony\\Component\\Console\\Output\\ConsoleOutput))\n#48 D:\\laragon\\www\\restaurant_food\\artisan(13): Illuminate\\Foundation\\Application->handleCommand(Object(Symfony\\Component\\Console\\Input\\ArgvInput))\n#49 {main}', '2024-10-11 09:58:07');
INSERT INTO `failed_jobs` (`id`, `uuid`, `connection`, `queue`, `payload`, `exception`, `failed_at`) VALUES (3, 'b367408b-2da4-4866-972c-3264d349109c', 'database', 'default', '{\"uuid\":\"b367408b-2da4-4866-972c-3264d349109c\",\"displayName\":\"App\\\\Jobs\\\\SendMailResetJob\",\"job\":\"Illuminate\\\\Queue\\\\CallQueuedHandler@call\",\"maxTries\":null,\"maxExceptions\":null,\"failOnTimeout\":false,\"backoff\":null,\"timeout\":null,\"retryUntil\":null,\"data\":{\"commandName\":\"App\\\\Jobs\\\\SendMailResetJob\",\"command\":\"O:25:\\\"App\\\\Jobs\\\\SendMailResetJob\\\":2:{s:8:\\\"resetUrl\\\";s:130:\\\"http:\\/\\/localhost:8000\\/reset-password?token=0JOrycnEgKg8tZMxHBBueWvYjyDQM7aRehEGF35YXGspKkGbvMfzqdhMwJYS&email=nlcongthao@gmail.com\\\";s:5:\\\"email\\\";s:20:\\\"nlcongthao@gmail.com\\\";}\"}}', 'Symfony\\Component\\Mailer\\Exception\\TransportException: Connection could not be established with host \"ssl://smtp.gmail.com:465\": stream_socket_client(): SSL operation failed with code 1. OpenSSL Error messages:\nerror:0A000086:SSL routines::certificate verify failed in D:\\laragon\\www\\restaurant_food\\vendor\\symfony\\mailer\\Transport\\Smtp\\Stream\\SocketStream.php:154\nStack trace:\n#0 [internal function]: Symfony\\Component\\Mailer\\Transport\\Smtp\\Stream\\SocketStream->Symfony\\Component\\Mailer\\Transport\\Smtp\\Stream\\{closure}(2, \'stream_socket_c...\', \'D:\\\\laragon\\\\www\\\\...\', 157)\n#1 D:\\laragon\\www\\restaurant_food\\vendor\\symfony\\mailer\\Transport\\Smtp\\Stream\\SocketStream.php(157): stream_socket_client(\'ssl://smtp.gmai...\', 0, \'\', 60.0, 4, Resource id #846)\n#2 D:\\laragon\\www\\restaurant_food\\vendor\\symfony\\mailer\\Transport\\Smtp\\SmtpTransport.php(270): Symfony\\Component\\Mailer\\Transport\\Smtp\\Stream\\SocketStream->initialize()\n#3 D:\\laragon\\www\\restaurant_food\\vendor\\symfony\\mailer\\Transport\\Smtp\\SmtpTransport.php(209): Symfony\\Component\\Mailer\\Transport\\Smtp\\SmtpTransport->start()\n#4 D:\\laragon\\www\\restaurant_food\\vendor\\symfony\\mailer\\Transport\\AbstractTransport.php(69): Symfony\\Component\\Mailer\\Transport\\Smtp\\SmtpTransport->doSend(Object(Symfony\\Component\\Mailer\\SentMessage))\n#5 D:\\laragon\\www\\restaurant_food\\vendor\\symfony\\mailer\\Transport\\Smtp\\SmtpTransport.php(137): Symfony\\Component\\Mailer\\Transport\\AbstractTransport->send(Object(Symfony\\Component\\Mime\\Email), Object(Symfony\\Component\\Mailer\\DelayedEnvelope))\n#6 D:\\laragon\\www\\restaurant_food\\vendor\\laravel\\framework\\src\\Illuminate\\Mail\\Mailer.php(585): Symfony\\Component\\Mailer\\Transport\\Smtp\\SmtpTransport->send(Object(Symfony\\Component\\Mime\\Email), Object(Symfony\\Component\\Mailer\\DelayedEnvelope))\n#7 D:\\laragon\\www\\restaurant_food\\vendor\\laravel\\framework\\src\\Illuminate\\Mail\\Mailer.php(332): Illuminate\\Mail\\Mailer->sendSymfonyMessage(Object(Symfony\\Component\\Mime\\Email))\n#8 D:\\laragon\\www\\restaurant_food\\vendor\\laravel\\framework\\src\\Illuminate\\Mail\\Mailable.php(205): Illuminate\\Mail\\Mailer->send(\'reset-password\', Array, Object(Closure))\n#9 D:\\laragon\\www\\restaurant_food\\vendor\\laravel\\framework\\src\\Illuminate\\Support\\Traits\\Localizable.php(19): Illuminate\\Mail\\Mailable->Illuminate\\Mail\\{closure}()\n#10 D:\\laragon\\www\\restaurant_food\\vendor\\laravel\\framework\\src\\Illuminate\\Mail\\Mailable.php(198): Illuminate\\Mail\\Mailable->withLocale(NULL, Object(Closure))\n#11 D:\\laragon\\www\\restaurant_food\\vendor\\laravel\\framework\\src\\Illuminate\\Mail\\Mailer.php(354): Illuminate\\Mail\\Mailable->send(Object(Illuminate\\Mail\\Mailer))\n#12 D:\\laragon\\www\\restaurant_food\\vendor\\laravel\\framework\\src\\Illuminate\\Mail\\Mailer.php(301): Illuminate\\Mail\\Mailer->sendMailable(Object(App\\Mail\\ResetPasswordMail))\n#13 D:\\laragon\\www\\restaurant_food\\vendor\\laravel\\framework\\src\\Illuminate\\Mail\\PendingMail.php(124): Illuminate\\Mail\\Mailer->send(Object(App\\Mail\\ResetPasswordMail))\n#14 D:\\laragon\\www\\restaurant_food\\app\\Jobs\\SendMailResetJob.php(33): Illuminate\\Mail\\PendingMail->send(Object(App\\Mail\\ResetPasswordMail))\n#15 D:\\laragon\\www\\restaurant_food\\vendor\\laravel\\framework\\src\\Illuminate\\Container\\BoundMethod.php(36): App\\Jobs\\SendMailResetJob->handle()\n#16 D:\\laragon\\www\\restaurant_food\\vendor\\laravel\\framework\\src\\Illuminate\\Container\\Util.php(43): Illuminate\\Container\\BoundMethod::Illuminate\\Container\\{closure}()\n#17 D:\\laragon\\www\\restaurant_food\\vendor\\laravel\\framework\\src\\Illuminate\\Container\\BoundMethod.php(95): Illuminate\\Container\\Util::unwrapIfClosure(Object(Closure))\n#18 D:\\laragon\\www\\restaurant_food\\vendor\\laravel\\framework\\src\\Illuminate\\Container\\BoundMethod.php(35): Illuminate\\Container\\BoundMethod::callBoundMethod(Object(Illuminate\\Foundation\\Application), Array, Object(Closure))\n#19 D:\\laragon\\www\\restaurant_food\\vendor\\laravel\\framework\\src\\Illuminate\\Container\\Container.php(690): Illuminate\\Container\\BoundMethod::call(Object(Illuminate\\Foundation\\Application), Array, Array, NULL)\n#20 D:\\laragon\\www\\restaurant_food\\vendor\\laravel\\framework\\src\\Illuminate\\Bus\\Dispatcher.php(128): Illuminate\\Container\\Container->call(Array)\n#21 D:\\laragon\\www\\restaurant_food\\vendor\\laravel\\framework\\src\\Illuminate\\Pipeline\\Pipeline.php(144): Illuminate\\Bus\\Dispatcher->Illuminate\\Bus\\{closure}(Object(App\\Jobs\\SendMailResetJob))\n#22 D:\\laragon\\www\\restaurant_food\\vendor\\laravel\\framework\\src\\Illuminate\\Pipeline\\Pipeline.php(119): Illuminate\\Pipeline\\Pipeline->Illuminate\\Pipeline\\{closure}(Object(App\\Jobs\\SendMailResetJob))\n#23 D:\\laragon\\www\\restaurant_food\\vendor\\laravel\\framework\\src\\Illuminate\\Bus\\Dispatcher.php(132): Illuminate\\Pipeline\\Pipeline->then(Object(Closure))\n#24 D:\\laragon\\www\\restaurant_food\\vendor\\laravel\\framework\\src\\Illuminate\\Queue\\CallQueuedHandler.php(124): Illuminate\\Bus\\Dispatcher->dispatchNow(Object(App\\Jobs\\SendMailResetJob), false)\n#25 D:\\laragon\\www\\restaurant_food\\vendor\\laravel\\framework\\src\\Illuminate\\Pipeline\\Pipeline.php(144): Illuminate\\Queue\\CallQueuedHandler->Illuminate\\Queue\\{closure}(Object(App\\Jobs\\SendMailResetJob))\n#26 D:\\laragon\\www\\restaurant_food\\vendor\\laravel\\framework\\src\\Illuminate\\Pipeline\\Pipeline.php(119): Illuminate\\Pipeline\\Pipeline->Illuminate\\Pipeline\\{closure}(Object(App\\Jobs\\SendMailResetJob))\n#27 D:\\laragon\\www\\restaurant_food\\vendor\\laravel\\framework\\src\\Illuminate\\Queue\\CallQueuedHandler.php(123): Illuminate\\Pipeline\\Pipeline->then(Object(Closure))\n#28 D:\\laragon\\www\\restaurant_food\\vendor\\laravel\\framework\\src\\Illuminate\\Queue\\CallQueuedHandler.php(71): Illuminate\\Queue\\CallQueuedHandler->dispatchThroughMiddleware(Object(Illuminate\\Queue\\Jobs\\DatabaseJob), Object(App\\Jobs\\SendMailResetJob))\n#29 D:\\laragon\\www\\restaurant_food\\vendor\\laravel\\framework\\src\\Illuminate\\Queue\\Jobs\\Job.php(102): Illuminate\\Queue\\CallQueuedHandler->call(Object(Illuminate\\Queue\\Jobs\\DatabaseJob), Array)\n#30 D:\\laragon\\www\\restaurant_food\\vendor\\laravel\\framework\\src\\Illuminate\\Queue\\Worker.php(440): Illuminate\\Queue\\Jobs\\Job->fire()\n#31 D:\\laragon\\www\\restaurant_food\\vendor\\laravel\\framework\\src\\Illuminate\\Queue\\Worker.php(390): Illuminate\\Queue\\Worker->process(\'database\', Object(Illuminate\\Queue\\Jobs\\DatabaseJob), Object(Illuminate\\Queue\\WorkerOptions))\n#32 D:\\laragon\\www\\restaurant_food\\vendor\\laravel\\framework\\src\\Illuminate\\Queue\\Worker.php(177): Illuminate\\Queue\\Worker->runJob(Object(Illuminate\\Queue\\Jobs\\DatabaseJob), \'database\', Object(Illuminate\\Queue\\WorkerOptions))\n#33 D:\\laragon\\www\\restaurant_food\\vendor\\laravel\\framework\\src\\Illuminate\\Queue\\Console\\WorkCommand.php(139): Illuminate\\Queue\\Worker->daemon(\'database\', \'default\', Object(Illuminate\\Queue\\WorkerOptions))\n#34 D:\\laragon\\www\\restaurant_food\\vendor\\laravel\\framework\\src\\Illuminate\\Queue\\Console\\WorkCommand.php(122): Illuminate\\Queue\\Console\\WorkCommand->runWorker(\'database\', \'default\')\n#35 D:\\laragon\\www\\restaurant_food\\vendor\\laravel\\framework\\src\\Illuminate\\Container\\BoundMethod.php(36): Illuminate\\Queue\\Console\\WorkCommand->handle()\n#36 D:\\laragon\\www\\restaurant_food\\vendor\\laravel\\framework\\src\\Illuminate\\Container\\Util.php(43): Illuminate\\Container\\BoundMethod::Illuminate\\Container\\{closure}()\n#37 D:\\laragon\\www\\restaurant_food\\vendor\\laravel\\framework\\src\\Illuminate\\Container\\BoundMethod.php(95): Illuminate\\Container\\Util::unwrapIfClosure(Object(Closure))\n#38 D:\\laragon\\www\\restaurant_food\\vendor\\laravel\\framework\\src\\Illuminate\\Container\\BoundMethod.php(35): Illuminate\\Container\\BoundMethod::callBoundMethod(Object(Illuminate\\Foundation\\Application), Array, Object(Closure))\n#39 D:\\laragon\\www\\restaurant_food\\vendor\\laravel\\framework\\src\\Illuminate\\Container\\Container.php(690): Illuminate\\Container\\BoundMethod::call(Object(Illuminate\\Foundation\\Application), Array, Array, NULL)\n#40 D:\\laragon\\www\\restaurant_food\\vendor\\laravel\\framework\\src\\Illuminate\\Console\\Command.php(213): Illuminate\\Container\\Container->call(Array)\n#41 D:\\laragon\\www\\restaurant_food\\vendor\\symfony\\console\\Command\\Command.php(279): Illuminate\\Console\\Command->execute(Object(Symfony\\Component\\Console\\Input\\ArgvInput), Object(Illuminate\\Console\\OutputStyle))\n#42 D:\\laragon\\www\\restaurant_food\\vendor\\laravel\\framework\\src\\Illuminate\\Console\\Command.php(182): Symfony\\Component\\Console\\Command\\Command->run(Object(Symfony\\Component\\Console\\Input\\ArgvInput), Object(Illuminate\\Console\\OutputStyle))\n#43 D:\\laragon\\www\\restaurant_food\\vendor\\symfony\\console\\Application.php(1047): Illuminate\\Console\\Command->run(Object(Symfony\\Component\\Console\\Input\\ArgvInput), Object(Symfony\\Component\\Console\\Output\\ConsoleOutput))\n#44 D:\\laragon\\www\\restaurant_food\\vendor\\symfony\\console\\Application.php(316): Symfony\\Component\\Console\\Application->doRunCommand(Object(Illuminate\\Queue\\Console\\WorkCommand), Object(Symfony\\Component\\Console\\Input\\ArgvInput), Object(Symfony\\Component\\Console\\Output\\ConsoleOutput))\n#45 D:\\laragon\\www\\restaurant_food\\vendor\\symfony\\console\\Application.php(167): Symfony\\Component\\Console\\Application->doRun(Object(Symfony\\Component\\Console\\Input\\ArgvInput), Object(Symfony\\Component\\Console\\Output\\ConsoleOutput))\n#46 D:\\laragon\\www\\restaurant_food\\vendor\\laravel\\framework\\src\\Illuminate\\Foundation\\Console\\Kernel.php(197): Symfony\\Component\\Console\\Application->run(Object(Symfony\\Component\\Console\\Input\\ArgvInput), Object(Symfony\\Component\\Console\\Output\\ConsoleOutput))\n#47 D:\\laragon\\www\\restaurant_food\\vendor\\laravel\\framework\\src\\Illuminate\\Foundation\\Application.php(1203): Illuminate\\Foundation\\Console\\Kernel->handle(Object(Symfony\\Component\\Console\\Input\\ArgvInput), Object(Symfony\\Component\\Console\\Output\\ConsoleOutput))\n#48 D:\\laragon\\www\\restaurant_food\\artisan(13): Illuminate\\Foundation\\Application->handleCommand(Object(Symfony\\Component\\Console\\Input\\ArgvInput))\n#49 {main}', '2024-10-11 10:00:37');
INSERT INTO `migrations` (`id`, `migration`, `batch`) VALUES (11, '0000_01_01_000000_create_roles_table', 1);
INSERT INTO `migrations` (`id`, `migration`, `batch`) VALUES (12, '0001_01_01_000000_create_users_table', 1);
INSERT INTO `migrations` (`id`, `migration`, `batch`) VALUES (13, '0001_01_01_000001_create_cache_table', 1);
INSERT INTO `migrations` (`id`, `migration`, `batch`) VALUES (14, '0001_01_01_000002_create_jobs_table', 1);
INSERT INTO `migrations` (`id`, `migration`, `batch`) VALUES (15, '2024_09_22_074757_create_categories_table', 1);
INSERT INTO `migrations` (`id`, `migration`, `batch`) VALUES (16, '2024_09_22_074829_create_products_table', 1);
INSERT INTO `migrations` (`id`, `migration`, `batch`) VALUES (17, '2024_09_22_074933_create_cart_items_table', 1);
INSERT INTO `migrations` (`id`, `migration`, `batch`) VALUES (18, '2024_09_22_074942_create_orders_table', 1);
INSERT INTO `migrations` (`id`, `migration`, `batch`) VALUES (19, '2024_09_22_074951_create_order_items_table', 1);
INSERT INTO `migrations` (`id`, `migration`, `batch`) VALUES (20, '2024_10_03_091850_create_reviews_table', 1);
INSERT INTO `migrations` (`id`, `migration`, `batch`) VALUES (21, '2024_10_08_100809_add_delivery_times_to_orders_table', 2);
INSERT INTO `migrations` (`id`, `migration`, `batch`) VALUES (22, '2024_10_09_151401_add_original_total_amount_to_orders_table', 3);
INSERT INTO `migrations` (`id`, `migration`, `batch`) VALUES (23, '2024_10_09_151927_create_coupons_table', 4);
INSERT INTO `migrations` (`id`, `migration`, `batch`) VALUES (24, '2024_10_09_151942_create_user_coupons_table', 4);
INSERT INTO `order_items` (`id`, `order_id`, `product_id`, `quantity`, `price`, `created_at`, `updated_at`) VALUES (15, 8, 9, 1, 84000.00, '2024-10-04 08:20:21', '2024-10-04 08:20:21');
INSERT INTO `order_items` (`id`, `order_id`, `product_id`, `quantity`, `price`, `created_at`, `updated_at`) VALUES (16, 8, 12, 1, 99000.00, '2024-10-04 08:20:21', '2024-10-04 08:20:21');
INSERT INTO `order_items` (`id`, `order_id`, `product_id`, `quantity`, `price`, `created_at`, `updated_at`) VALUES (17, 9, 5, 1, 127000.00, '2024-10-04 11:56:43', '2024-10-04 11:56:43');
INSERT INTO `order_items` (`id`, `order_id`, `product_id`, `quantity`, `price`, `created_at`, `updated_at`) VALUES (18, 9, 8, 2, 117000.00, '2024-10-04 11:56:43', '2024-10-04 11:56:43');
INSERT INTO `order_items` (`id`, `order_id`, `product_id`, `quantity`, `price`, `created_at`, `updated_at`) VALUES (19, 9, 12, 1, 99000.00, '2024-10-04 11:56:43', '2024-10-04 11:56:43');
INSERT INTO `order_items` (`id`, `order_id`, `product_id`, `quantity`, `price`, `created_at`, `updated_at`) VALUES (20, 10, 7, 1, 59000.00, '2024-10-05 11:30:02', '2024-10-05 11:30:02');
INSERT INTO `order_items` (`id`, `order_id`, `product_id`, `quantity`, `price`, `created_at`, `updated_at`) VALUES (21, 10, 10, 1, 77000.00, '2024-10-05 11:30:02', '2024-10-05 11:30:02');
INSERT INTO `order_items` (`id`, `order_id`, `product_id`, `quantity`, `price`, `created_at`, `updated_at`) VALUES (22, 11, 7, 1, 59000.00, '2024-10-05 12:01:55', '2024-10-05 12:01:55');
INSERT INTO `order_items` (`id`, `order_id`, `product_id`, `quantity`, `price`, `created_at`, `updated_at`) VALUES (23, 11, 9, 1, 84000.00, '2024-10-05 12:01:55', '2024-10-05 12:01:55');
INSERT INTO `order_items` (`id`, `order_id`, `product_id`, `quantity`, `price`, `created_at`, `updated_at`) VALUES (24, 11, 11, 1, 67000.00, '2024-10-05 12:01:55', '2024-10-05 12:01:55');
INSERT INTO `order_items` (`id`, `order_id`, `product_id`, `quantity`, `price`, `created_at`, `updated_at`) VALUES (25, 11, 12, 1, 99000.00, '2024-10-05 12:01:55', '2024-10-05 12:01:55');
INSERT INTO `order_items` (`id`, `order_id`, `product_id`, `quantity`, `price`, `created_at`, `updated_at`) VALUES (26, 12, 11, 1, 67000.00, '2024-10-06 04:56:40', '2024-10-06 04:56:40');
INSERT INTO `order_items` (`id`, `order_id`, `product_id`, `quantity`, `price`, `created_at`, `updated_at`) VALUES (27, 12, 12, 1, 99000.00, '2024-10-06 04:56:40', '2024-10-06 04:56:40');
INSERT INTO `order_items` (`id`, `order_id`, `product_id`, `quantity`, `price`, `created_at`, `updated_at`) VALUES (28, 13, 9, 1, 84000.00, '2024-10-06 05:14:01', '2024-10-06 05:14:01');
INSERT INTO `order_items` (`id`, `order_id`, `product_id`, `quantity`, `price`, `created_at`, `updated_at`) VALUES (29, 14, 9, 1, 84000.00, '2024-10-06 05:14:35', '2024-10-06 05:14:35');
INSERT INTO `order_items` (`id`, `order_id`, `product_id`, `quantity`, `price`, `created_at`, `updated_at`) VALUES (30, 15, 10, 4, 77000.00, '2024-10-06 05:23:16', '2024-10-06 05:23:16');
INSERT INTO `order_items` (`id`, `order_id`, `product_id`, `quantity`, `price`, `created_at`, `updated_at`) VALUES (31, 16, 5, 2, 127000.00, '2024-10-06 07:42:30', '2024-10-06 07:42:30');
INSERT INTO `order_items` (`id`, `order_id`, `product_id`, `quantity`, `price`, `created_at`, `updated_at`) VALUES (32, 16, 6, 1, 160000.00, '2024-10-06 07:42:30', '2024-10-06 07:42:30');
INSERT INTO `order_items` (`id`, `order_id`, `product_id`, `quantity`, `price`, `created_at`, `updated_at`) VALUES (33, 16, 11, 2, 67000.00, '2024-10-06 07:42:30', '2024-10-06 07:42:30');
INSERT INTO `order_items` (`id`, `order_id`, `product_id`, `quantity`, `price`, `created_at`, `updated_at`) VALUES (34, 17, 9, 1, 84000.00, '2024-10-06 07:45:59', '2024-10-06 07:45:59');
INSERT INTO `order_items` (`id`, `order_id`, `product_id`, `quantity`, `price`, `created_at`, `updated_at`) VALUES (35, 17, 17, 7, 204000.00, '2024-10-06 07:45:59', '2024-10-06 07:45:59');
INSERT INTO `order_items` (`id`, `order_id`, `product_id`, `quantity`, `price`, `created_at`, `updated_at`) VALUES (36, 18, 22, 1, 54000.00, '2024-10-07 02:05:15', '2024-10-07 02:05:15');
INSERT INTO `order_items` (`id`, `order_id`, `product_id`, `quantity`, `price`, `created_at`, `updated_at`) VALUES (37, 18, 23, 1, 45000.00, '2024-10-07 02:05:15', '2024-10-07 02:05:15');
INSERT INTO `order_items` (`id`, `order_id`, `product_id`, `quantity`, `price`, `created_at`, `updated_at`) VALUES (38, 18, 24, 1, 48000.00, '2024-10-07 02:05:15', '2024-10-07 02:05:15');
INSERT INTO `order_items` (`id`, `order_id`, `product_id`, `quantity`, `price`, `created_at`, `updated_at`) VALUES (39, 18, 25, 1, 47000.00, '2024-10-07 02:05:15', '2024-10-07 02:05:15');
INSERT INTO `order_items` (`id`, `order_id`, `product_id`, `quantity`, `price`, `created_at`, `updated_at`) VALUES (40, 18, 26, 1, 58000.00, '2024-10-07 02:05:15', '2024-10-07 02:05:15');
INSERT INTO `order_items` (`id`, `order_id`, `product_id`, `quantity`, `price`, `created_at`, `updated_at`) VALUES (41, 19, 5, 2, 127000.00, '2024-10-07 07:10:26', '2024-10-07 07:10:26');
INSERT INTO `order_items` (`id`, `order_id`, `product_id`, `quantity`, `price`, `created_at`, `updated_at`) VALUES (42, 19, 9, 2, 84000.00, '2024-10-07 07:10:26', '2024-10-07 07:10:26');
INSERT INTO `order_items` (`id`, `order_id`, `product_id`, `quantity`, `price`, `created_at`, `updated_at`) VALUES (43, 19, 11, 2, 67000.00, '2024-10-07 07:10:26', '2024-10-07 07:10:26');
INSERT INTO `order_items` (`id`, `order_id`, `product_id`, `quantity`, `price`, `created_at`, `updated_at`) VALUES (44, 20, 15, 1, 35000.00, '2024-10-07 08:10:38', '2024-10-07 08:10:38');
INSERT INTO `order_items` (`id`, `order_id`, `product_id`, `quantity`, `price`, `created_at`, `updated_at`) VALUES (45, 20, 16, 1, 54000.00, '2024-10-07 08:10:38', '2024-10-07 08:10:38');
INSERT INTO `order_items` (`id`, `order_id`, `product_id`, `quantity`, `price`, `created_at`, `updated_at`) VALUES (46, 20, 17, 1, 204000.00, '2024-10-07 08:10:38', '2024-10-07 08:10:38');
INSERT INTO `order_items` (`id`, `order_id`, `product_id`, `quantity`, `price`, `created_at`, `updated_at`) VALUES (47, 20, 18, 1, 75000.00, '2024-10-07 08:10:38', '2024-10-07 08:10:38');
INSERT INTO `order_items` (`id`, `order_id`, `product_id`, `quantity`, `price`, `created_at`, `updated_at`) VALUES (48, 20, 19, 1, 64000.00, '2024-10-07 08:10:38', '2024-10-07 08:10:38');
INSERT INTO `order_items` (`id`, `order_id`, `product_id`, `quantity`, `price`, `created_at`, `updated_at`) VALUES (49, 20, 20, 1, 27000.00, '2024-10-07 08:10:38', '2024-10-07 08:10:38');
INSERT INTO `order_items` (`id`, `order_id`, `product_id`, `quantity`, `price`, `created_at`, `updated_at`) VALUES (50, 20, 21, 1, 66000.00, '2024-10-07 08:10:38', '2024-10-07 08:10:38');
INSERT INTO `order_items` (`id`, `order_id`, `product_id`, `quantity`, `price`, `created_at`, `updated_at`) VALUES (51, 20, 27, 1, 38000.00, '2024-10-07 08:10:38', '2024-10-07 08:10:38');
INSERT INTO `order_items` (`id`, `order_id`, `product_id`, `quantity`, `price`, `created_at`, `updated_at`) VALUES (52, 20, 28, 1, 40000.00, '2024-10-07 08:10:38', '2024-10-07 08:10:38');
INSERT INTO `order_items` (`id`, `order_id`, `product_id`, `quantity`, `price`, `created_at`, `updated_at`) VALUES (53, 20, 29, 1, 36000.00, '2024-10-07 08:10:38', '2024-10-07 08:10:38');
INSERT INTO `order_items` (`id`, `order_id`, `product_id`, `quantity`, `price`, `created_at`, `updated_at`) VALUES (54, 20, 30, 1, 38000.00, '2024-10-07 08:10:38', '2024-10-07 08:10:38');
INSERT INTO `order_items` (`id`, `order_id`, `product_id`, `quantity`, `price`, `created_at`, `updated_at`) VALUES (55, 20, 31, 1, 26000.00, '2024-10-07 08:10:38', '2024-10-07 08:10:38');
INSERT INTO `order_items` (`id`, `order_id`, `product_id`, `quantity`, `price`, `created_at`, `updated_at`) VALUES (56, 20, 32, 1, 29000.00, '2024-10-07 08:10:38', '2024-10-07 08:10:38');
INSERT INTO `order_items` (`id`, `order_id`, `product_id`, `quantity`, `price`, `created_at`, `updated_at`) VALUES (57, 20, 33, 1, 19000.00, '2024-10-07 08:10:38', '2024-10-07 08:10:38');
INSERT INTO `order_items` (`id`, `order_id`, `product_id`, `quantity`, `price`, `created_at`, `updated_at`) VALUES (58, 20, 34, 1, 19000.00, '2024-10-07 08:10:38', '2024-10-07 08:10:38');
INSERT INTO `order_items` (`id`, `order_id`, `product_id`, `quantity`, `price`, `created_at`, `updated_at`) VALUES (59, 20, 35, 1, 15000.00, '2024-10-07 08:10:38', '2024-10-07 08:10:38');
INSERT INTO `order_items` (`id`, `order_id`, `product_id`, `quantity`, `price`, `created_at`, `updated_at`) VALUES (60, 20, 36, 1, 24000.00, '2024-10-07 08:10:38', '2024-10-07 08:10:38');
INSERT INTO `order_items` (`id`, `order_id`, `product_id`, `quantity`, `price`, `created_at`, `updated_at`) VALUES (61, 20, 37, 1, 12000.00, '2024-10-07 08:10:38', '2024-10-07 08:10:38');
INSERT INTO `order_items` (`id`, `order_id`, `product_id`, `quantity`, `price`, `created_at`, `updated_at`) VALUES (62, 21, 8, 1, 117000.00, '2024-10-08 10:17:04', '2024-10-08 10:17:04');
INSERT INTO `order_items` (`id`, `order_id`, `product_id`, `quantity`, `price`, `created_at`, `updated_at`) VALUES (63, 21, 13, 2, 71.00, '2024-10-08 10:17:04', '2024-10-08 10:17:04');
INSERT INTO `order_items` (`id`, `order_id`, `product_id`, `quantity`, `price`, `created_at`, `updated_at`) VALUES (64, 21, 14, 1, 69000.00, '2024-10-08 10:17:04', '2024-10-08 10:17:04');
INSERT INTO `order_items` (`id`, `order_id`, `product_id`, `quantity`, `price`, `created_at`, `updated_at`) VALUES (65, 21, 20, 1, 27000.00, '2024-10-08 10:17:04', '2024-10-08 10:17:04');
INSERT INTO `order_items` (`id`, `order_id`, `product_id`, `quantity`, `price`, `created_at`, `updated_at`) VALUES (66, 22, 23, 1, 45000.00, '2024-10-08 16:11:43', '2024-10-08 16:11:43');
INSERT INTO `order_items` (`id`, `order_id`, `product_id`, `quantity`, `price`, `created_at`, `updated_at`) VALUES (67, 22, 29, 1, 36000.00, '2024-10-08 16:11:43', '2024-10-08 16:11:43');
INSERT INTO `order_items` (`id`, `order_id`, `product_id`, `quantity`, `price`, `created_at`, `updated_at`) VALUES (68, 22, 30, 1, 38000.00, '2024-10-08 16:11:43', '2024-10-08 16:11:43');
INSERT INTO `order_items` (`id`, `order_id`, `product_id`, `quantity`, `price`, `created_at`, `updated_at`) VALUES (69, 23, 5, 2, 127000.00, '2024-10-08 16:29:50', '2024-10-08 16:29:50');
INSERT INTO `order_items` (`id`, `order_id`, `product_id`, `quantity`, `price`, `created_at`, `updated_at`) VALUES (70, 23, 6, 2, 160000.00, '2024-10-08 16:29:50', '2024-10-08 16:29:50');
INSERT INTO `order_items` (`id`, `order_id`, `product_id`, `quantity`, `price`, `created_at`, `updated_at`) VALUES (71, 23, 22, 2, 54000.00, '2024-10-08 16:29:50', '2024-10-08 16:29:50');
INSERT INTO `order_items` (`id`, `order_id`, `product_id`, `quantity`, `price`, `created_at`, `updated_at`) VALUES (72, 23, 23, 2, 45000.00, '2024-10-08 16:29:50', '2024-10-08 16:29:50');
INSERT INTO `order_items` (`id`, `order_id`, `product_id`, `quantity`, `price`, `created_at`, `updated_at`) VALUES (73, 23, 24, 2, 48000.00, '2024-10-08 16:29:50', '2024-10-08 16:29:50');
INSERT INTO `order_items` (`id`, `order_id`, `product_id`, `quantity`, `price`, `created_at`, `updated_at`) VALUES (74, 23, 25, 2, 47000.00, '2024-10-08 16:29:50', '2024-10-08 16:29:50');
INSERT INTO `order_items` (`id`, `order_id`, `product_id`, `quantity`, `price`, `created_at`, `updated_at`) VALUES (75, 23, 26, 1, 58000.00, '2024-10-08 16:29:50', '2024-10-08 16:29:50');
INSERT INTO `order_items` (`id`, `order_id`, `product_id`, `quantity`, `price`, `created_at`, `updated_at`) VALUES (76, 23, 27, 2, 38000.00, '2024-10-08 16:29:50', '2024-10-08 16:29:50');
INSERT INTO `order_items` (`id`, `order_id`, `product_id`, `quantity`, `price`, `created_at`, `updated_at`) VALUES (77, 23, 28, 2, 40000.00, '2024-10-08 16:29:50', '2024-10-08 16:29:50');
INSERT INTO `order_items` (`id`, `order_id`, `product_id`, `quantity`, `price`, `created_at`, `updated_at`) VALUES (78, 23, 29, 2, 36000.00, '2024-10-08 16:29:50', '2024-10-08 16:29:50');
INSERT INTO `order_items` (`id`, `order_id`, `product_id`, `quantity`, `price`, `created_at`, `updated_at`) VALUES (79, 23, 30, 2, 38000.00, '2024-10-08 16:29:50', '2024-10-08 16:29:50');
INSERT INTO `order_items` (`id`, `order_id`, `product_id`, `quantity`, `price`, `created_at`, `updated_at`) VALUES (80, 23, 31, 1, 26000.00, '2024-10-08 16:29:50', '2024-10-08 16:29:50');
INSERT INTO `order_items` (`id`, `order_id`, `product_id`, `quantity`, `price`, `created_at`, `updated_at`) VALUES (81, 23, 32, 1, 29000.00, '2024-10-08 16:29:50', '2024-10-08 16:29:50');
INSERT INTO `order_items` (`id`, `order_id`, `product_id`, `quantity`, `price`, `created_at`, `updated_at`) VALUES (82, 23, 33, 1, 19000.00, '2024-10-08 16:29:50', '2024-10-08 16:29:50');
INSERT INTO `order_items` (`id`, `order_id`, `product_id`, `quantity`, `price`, `created_at`, `updated_at`) VALUES (83, 23, 34, 1, 19000.00, '2024-10-08 16:29:50', '2024-10-08 16:29:50');
INSERT INTO `order_items` (`id`, `order_id`, `product_id`, `quantity`, `price`, `created_at`, `updated_at`) VALUES (84, 23, 35, 1, 15000.00, '2024-10-08 16:29:50', '2024-10-08 16:29:50');
INSERT INTO `order_items` (`id`, `order_id`, `product_id`, `quantity`, `price`, `created_at`, `updated_at`) VALUES (85, 23, 36, 1, 24000.00, '2024-10-08 16:29:50', '2024-10-08 16:29:50');
INSERT INTO `order_items` (`id`, `order_id`, `product_id`, `quantity`, `price`, `created_at`, `updated_at`) VALUES (86, 23, 37, 1, 12000.00, '2024-10-08 16:29:50', '2024-10-08 16:29:50');
INSERT INTO `order_items` (`id`, `order_id`, `product_id`, `quantity`, `price`, `created_at`, `updated_at`) VALUES (87, 23, 15, 1, 35000.00, '2024-10-08 16:29:50', '2024-10-08 16:29:50');
INSERT INTO `order_items` (`id`, `order_id`, `product_id`, `quantity`, `price`, `created_at`, `updated_at`) VALUES (88, 23, 16, 1, 54000.00, '2024-10-08 16:29:50', '2024-10-08 16:29:50');
INSERT INTO `order_items` (`id`, `order_id`, `product_id`, `quantity`, `price`, `created_at`, `updated_at`) VALUES (89, 23, 17, 1, 204000.00, '2024-10-08 16:29:50', '2024-10-08 16:29:50');
INSERT INTO `order_items` (`id`, `order_id`, `product_id`, `quantity`, `price`, `created_at`, `updated_at`) VALUES (90, 23, 18, 1, 75000.00, '2024-10-08 16:29:50', '2024-10-08 16:29:50');
INSERT INTO `order_items` (`id`, `order_id`, `product_id`, `quantity`, `price`, `created_at`, `updated_at`) VALUES (91, 23, 19, 1, 64000.00, '2024-10-08 16:29:50', '2024-10-08 16:29:50');
INSERT INTO `order_items` (`id`, `order_id`, `product_id`, `quantity`, `price`, `created_at`, `updated_at`) VALUES (92, 23, 20, 1, 27000.00, '2024-10-08 16:29:50', '2024-10-08 16:29:50');
INSERT INTO `order_items` (`id`, `order_id`, `product_id`, `quantity`, `price`, `created_at`, `updated_at`) VALUES (93, 23, 21, 1, 66000.00, '2024-10-08 16:29:50', '2024-10-08 16:29:50');
INSERT INTO `order_items` (`id`, `order_id`, `product_id`, `quantity`, `price`, `created_at`, `updated_at`) VALUES (94, 23, 7, 1, 59000.00, '2024-10-08 16:29:50', '2024-10-08 16:29:50');
INSERT INTO `order_items` (`id`, `order_id`, `product_id`, `quantity`, `price`, `created_at`, `updated_at`) VALUES (95, 23, 8, 1, 117000.00, '2024-10-08 16:29:50', '2024-10-08 16:29:50');
INSERT INTO `order_items` (`id`, `order_id`, `product_id`, `quantity`, `price`, `created_at`, `updated_at`) VALUES (96, 23, 9, 1, 84000.00, '2024-10-08 16:29:50', '2024-10-08 16:29:50');
INSERT INTO `order_items` (`id`, `order_id`, `product_id`, `quantity`, `price`, `created_at`, `updated_at`) VALUES (97, 23, 10, 1, 77000.00, '2024-10-08 16:29:50', '2024-10-08 16:29:50');
INSERT INTO `order_items` (`id`, `order_id`, `product_id`, `quantity`, `price`, `created_at`, `updated_at`) VALUES (98, 23, 11, 1, 67000.00, '2024-10-08 16:29:50', '2024-10-08 16:29:50');
INSERT INTO `order_items` (`id`, `order_id`, `product_id`, `quantity`, `price`, `created_at`, `updated_at`) VALUES (99, 23, 12, 1, 99000.00, '2024-10-08 16:29:50', '2024-10-08 16:29:50');
INSERT INTO `order_items` (`id`, `order_id`, `product_id`, `quantity`, `price`, `created_at`, `updated_at`) VALUES (100, 23, 13, 1, 71000.00, '2024-10-08 16:29:50', '2024-10-08 16:29:50');
INSERT INTO `order_items` (`id`, `order_id`, `product_id`, `quantity`, `price`, `created_at`, `updated_at`) VALUES (101, 23, 14, 1, 69000.00, '2024-10-08 16:29:50', '2024-10-08 16:29:50');
INSERT INTO `order_items` (`id`, `order_id`, `product_id`, `quantity`, `price`, `created_at`, `updated_at`) VALUES (102, 24, 13, 3, 71000.00, '2024-10-08 16:44:32', '2024-10-08 16:44:32');
INSERT INTO `order_items` (`id`, `order_id`, `product_id`, `quantity`, `price`, `created_at`, `updated_at`) VALUES (103, 24, 37, 3, 12000.00, '2024-10-08 16:44:32', '2024-10-08 16:44:32');
INSERT INTO `order_items` (`id`, `order_id`, `product_id`, `quantity`, `price`, `created_at`, `updated_at`) VALUES (104, 25, 25, 3, 47000.00, '2024-10-09 13:44:26', '2024-10-09 13:44:26');
INSERT INTO `order_items` (`id`, `order_id`, `product_id`, `quantity`, `price`, `created_at`, `updated_at`) VALUES (105, 25, 27, 2, 38000.00, '2024-10-09 13:44:26', '2024-10-09 13:44:26');
INSERT INTO `order_items` (`id`, `order_id`, `product_id`, `quantity`, `price`, `created_at`, `updated_at`) VALUES (106, 25, 28, 2, 40000.00, '2024-10-09 13:44:26', '2024-10-09 13:44:26');
INSERT INTO `order_items` (`id`, `order_id`, `product_id`, `quantity`, `price`, `created_at`, `updated_at`) VALUES (107, 25, 29, 2, 36000.00, '2024-10-09 13:44:26', '2024-10-09 13:44:26');
INSERT INTO `order_items` (`id`, `order_id`, `product_id`, `quantity`, `price`, `created_at`, `updated_at`) VALUES (108, 25, 30, 2, 38000.00, '2024-10-09 13:44:26', '2024-10-09 13:44:26');
INSERT INTO `order_items` (`id`, `order_id`, `product_id`, `quantity`, `price`, `created_at`, `updated_at`) VALUES (109, 25, 33, 1, 19000.00, '2024-10-09 13:44:26', '2024-10-09 13:44:26');
INSERT INTO `order_items` (`id`, `order_id`, `product_id`, `quantity`, `price`, `created_at`, `updated_at`) VALUES (110, 25, 34, 1, 19000.00, '2024-10-09 13:44:26', '2024-10-09 13:44:26');
INSERT INTO `order_items` (`id`, `order_id`, `product_id`, `quantity`, `price`, `created_at`, `updated_at`) VALUES (111, 25, 35, 1, 15000.00, '2024-10-09 13:44:26', '2024-10-09 13:44:26');
INSERT INTO `order_items` (`id`, `order_id`, `product_id`, `quantity`, `price`, `created_at`, `updated_at`) VALUES (112, 25, 36, 1, 24000.00, '2024-10-09 13:44:26', '2024-10-09 13:44:26');
INSERT INTO `order_items` (`id`, `order_id`, `product_id`, `quantity`, `price`, `created_at`, `updated_at`) VALUES (113, 25, 37, 1, 12000.00, '2024-10-09 13:44:26', '2024-10-09 13:44:26');
INSERT INTO `order_items` (`id`, `order_id`, `product_id`, `quantity`, `price`, `created_at`, `updated_at`) VALUES (117, 27, 16, 1, 54000.00, '2024-10-10 09:26:15', '2024-10-10 09:26:15');
INSERT INTO `order_items` (`id`, `order_id`, `product_id`, `quantity`, `price`, `created_at`, `updated_at`) VALUES (118, 27, 29, 1, 36000.00, '2024-10-10 09:26:15', '2024-10-10 09:26:15');
INSERT INTO `order_items` (`id`, `order_id`, `product_id`, `quantity`, `price`, `created_at`, `updated_at`) VALUES (123, 29, 16, 1, 54000.00, '2024-10-10 09:31:56', '2024-10-10 09:31:56');
INSERT INTO `order_items` (`id`, `order_id`, `product_id`, `quantity`, `price`, `created_at`, `updated_at`) VALUES (124, 29, 17, 1, 204000.00, '2024-10-10 09:31:56', '2024-10-10 09:31:56');
INSERT INTO `order_items` (`id`, `order_id`, `product_id`, `quantity`, `price`, `created_at`, `updated_at`) VALUES (125, 29, 18, 1, 75000.00, '2024-10-10 09:31:56', '2024-10-10 09:31:56');
INSERT INTO `order_items` (`id`, `order_id`, `product_id`, `quantity`, `price`, `created_at`, `updated_at`) VALUES (129, 31, 18, 1, 75000.00, '2024-10-10 10:13:43', '2024-10-10 10:13:43');
INSERT INTO `order_items` (`id`, `order_id`, `product_id`, `quantity`, `price`, `created_at`, `updated_at`) VALUES (130, 32, 5, 1, 127000.00, '2024-10-11 10:09:54', '2024-10-11 10:09:54');
INSERT INTO `order_items` (`id`, `order_id`, `product_id`, `quantity`, `price`, `created_at`, `updated_at`) VALUES (131, 32, 8, 1, 117000.00, '2024-10-11 10:09:54', '2024-10-11 10:09:54');
INSERT INTO `order_items` (`id`, `order_id`, `product_id`, `quantity`, `price`, `created_at`, `updated_at`) VALUES (132, 32, 9, 1, 84000.00, '2024-10-11 10:09:54', '2024-10-11 10:09:54');
INSERT INTO `order_items` (`id`, `order_id`, `product_id`, `quantity`, `price`, `created_at`, `updated_at`) VALUES (133, 32, 13, 1, 71000.00, '2024-10-11 10:09:54', '2024-10-11 10:09:54');
INSERT INTO `order_items` (`id`, `order_id`, `product_id`, `quantity`, `price`, `created_at`, `updated_at`) VALUES (134, 32, 14, 1, 69000.00, '2024-10-11 10:09:54', '2024-10-11 10:09:54');
INSERT INTO `order_items` (`id`, `order_id`, `product_id`, `quantity`, `price`, `created_at`, `updated_at`) VALUES (135, 32, 17, 1, 204000.00, '2024-10-11 10:09:54', '2024-10-11 10:09:54');
INSERT INTO `order_items` (`id`, `order_id`, `product_id`, `quantity`, `price`, `created_at`, `updated_at`) VALUES (136, 32, 18, 1, 75000.00, '2024-10-11 10:09:54', '2024-10-11 10:09:54');
INSERT INTO `orders` (`id`, `order_code`, `customer_id`, `staff_id`, `total_amount`, `original_total_amount`, `payment_method`, `status`, `delivery_address`, `note`, `delivery_start_time`, `delivery_end_time`, `created_at`, `updated_at`) VALUES (8, '2JQCQ8JYJZ', 4, 2, 183000.00, 183000.00, 'cod', 'Đã đánh giá', '153 Haha', NULL, NULL, NULL, '2024-10-04 08:20:21', '2024-10-04 08:21:06');
INSERT INTO `orders` (`id`, `order_code`, `customer_id`, `staff_id`, `total_amount`, `original_total_amount`, `payment_method`, `status`, `delivery_address`, `note`, `delivery_start_time`, `delivery_end_time`, `created_at`, `updated_at`) VALUES (9, 'ESR9WCUELH', 3, 2, 460000.00, 460000.00, 'cod', 'Đã đánh giá', '123 Cao Bang', NULL, NULL, NULL, '2024-09-04 11:56:43', '2024-10-04 11:57:26');
INSERT INTO `orders` (`id`, `order_code`, `customer_id`, `staff_id`, `total_amount`, `original_total_amount`, `payment_method`, `status`, `delivery_address`, `note`, `delivery_start_time`, `delivery_end_time`, `created_at`, `updated_at`) VALUES (10, 'KLY2RXPJTU', 4, 2, 136000.00, 136000.00, 'vnpay', 'Đã đánh giá', '153 Haha', NULL, NULL, NULL, '2024-10-05 11:30:02', '2024-10-05 12:00:18');
INSERT INTO `orders` (`id`, `order_code`, `customer_id`, `staff_id`, `total_amount`, `original_total_amount`, `payment_method`, `status`, `delivery_address`, `note`, `delivery_start_time`, `delivery_end_time`, `created_at`, `updated_at`) VALUES (11, '0SSGBHRIQD', 4, 2, 309000.00, 309000.00, 'cod', 'Đã đánh giá', '153 Haha', NULL, NULL, NULL, '2024-10-05 12:01:55', '2024-10-05 12:04:39');
INSERT INTO `orders` (`id`, `order_code`, `customer_id`, `staff_id`, `total_amount`, `original_total_amount`, `payment_method`, `status`, `delivery_address`, `note`, `delivery_start_time`, `delivery_end_time`, `created_at`, `updated_at`) VALUES (12, 'OEEMNWWRUN', 3, 2, 166000.00, 166000.00, 'cod', 'Đã giao hàng', '123 Cao Bang', NULL, NULL, NULL, '2024-10-06 04:56:40', '2024-10-06 05:00:11');
INSERT INTO `orders` (`id`, `order_code`, `customer_id`, `staff_id`, `total_amount`, `original_total_amount`, `payment_method`, `status`, `delivery_address`, `note`, `delivery_start_time`, `delivery_end_time`, `created_at`, `updated_at`) VALUES (13, 'FALSEKKXBR', 3, 2, 84000.00, 84000.00, 'cod', 'Đã hủy', '123 Cao Bang', NULL, NULL, NULL, '2024-10-06 05:14:01', '2024-10-06 05:14:14');
INSERT INTO `orders` (`id`, `order_code`, `customer_id`, `staff_id`, `total_amount`, `original_total_amount`, `payment_method`, `status`, `delivery_address`, `note`, `delivery_start_time`, `delivery_end_time`, `created_at`, `updated_at`) VALUES (14, 'VGMUSC9TM9', 3, 2, 84000.00, 84000.00, 'cod', 'Đã giao hàng', '123 Cao Bang', NULL, NULL, NULL, '2024-10-06 05:14:35', '2024-10-06 05:14:50');
INSERT INTO `orders` (`id`, `order_code`, `customer_id`, `staff_id`, `total_amount`, `original_total_amount`, `payment_method`, `status`, `delivery_address`, `note`, `delivery_start_time`, `delivery_end_time`, `created_at`, `updated_at`) VALUES (15, 'YANSJKADAV', 3, 2, 308000.00, 308000.00, 'cod', 'Đã hủy', '123 Cao Bang', NULL, NULL, NULL, '2024-10-06 05:23:16', '2024-10-08 15:39:20');
INSERT INTO `orders` (`id`, `order_code`, `customer_id`, `staff_id`, `total_amount`, `original_total_amount`, `payment_method`, `status`, `delivery_address`, `note`, `delivery_start_time`, `delivery_end_time`, `created_at`, `updated_at`) VALUES (16, 'CJ8C7ZGSTC', 4, 2, 548000.00, 548000.00, 'cod', 'Đã đánh giá', '153 Haha', NULL, NULL, NULL, '2024-10-06 07:42:30', '2024-10-06 07:44:17');
INSERT INTO `orders` (`id`, `order_code`, `customer_id`, `staff_id`, `total_amount`, `original_total_amount`, `payment_method`, `status`, `delivery_address`, `note`, `delivery_start_time`, `delivery_end_time`, `created_at`, `updated_at`) VALUES (17, 'NLWXFDZYZZ', 4, 2, 1512000.00, 1512000.00, 'cod', 'Đã đánh giá', '153 Haha', NULL, NULL, NULL, '2024-10-06 07:45:59', '2024-10-06 07:47:49');
INSERT INTO `orders` (`id`, `order_code`, `customer_id`, `staff_id`, `total_amount`, `original_total_amount`, `payment_method`, `status`, `delivery_address`, `note`, `delivery_start_time`, `delivery_end_time`, `created_at`, `updated_at`) VALUES (18, 'HI34UC7DFT', 11, 2, 252000.00, 252000.00, 'cod', 'Đã đánh giá', '193 Nguyễn Lương Bằng', NULL, NULL, NULL, '2024-10-07 02:05:15', '2024-10-07 02:09:00');
INSERT INTO `orders` (`id`, `order_code`, `customer_id`, `staff_id`, `total_amount`, `original_total_amount`, `payment_method`, `status`, `delivery_address`, `note`, `delivery_start_time`, `delivery_end_time`, `created_at`, `updated_at`) VALUES (19, 'LDOPKWL8AN', 3, 2, 556000.00, 556000.00, 'vnpay', 'Đã đánh giá', '123 Cao Bang', NULL, NULL, NULL, '2024-10-07 07:10:26', '2024-10-07 07:18:30');
INSERT INTO `orders` (`id`, `order_code`, `customer_id`, `staff_id`, `total_amount`, `original_total_amount`, `payment_method`, `status`, `delivery_address`, `note`, `delivery_start_time`, `delivery_end_time`, `created_at`, `updated_at`) VALUES (20, 'FI3G9KCHAO', 12, 2, 821000.00, 821000.00, 'cod', 'Đã đánh giá', '153 Haha', NULL, NULL, NULL, '2024-10-07 08:10:38', '2024-10-07 08:20:35');
INSERT INTO `orders` (`id`, `order_code`, `customer_id`, `staff_id`, `total_amount`, `original_total_amount`, `payment_method`, `status`, `delivery_address`, `note`, `delivery_start_time`, `delivery_end_time`, `created_at`, `updated_at`) VALUES (21, 'R0WT69QJPU', 13, 8, 213000.00, 213000.00, 'cod', 'Đã giao hàng', 'Old Trafford', NULL, '2024-10-08 10:19:04', '2024-10-08 10:21:42', '2024-10-08 10:17:04', '2024-10-08 10:21:42');
INSERT INTO `orders` (`id`, `order_code`, `customer_id`, `staff_id`, `total_amount`, `original_total_amount`, `payment_method`, `status`, `delivery_address`, `note`, `delivery_start_time`, `delivery_end_time`, `created_at`, `updated_at`) VALUES (22, 'PZ7WZG0BOI', 14, 8, 119000.00, 119000.00, 'cod', 'Đã giao hàng', 'Old Trafford', NULL, '2024-10-08 16:12:42', '2024-10-08 16:13:08', '2024-10-08 16:11:43', '2024-10-08 16:13:08');
INSERT INTO `orders` (`id`, `order_code`, `customer_id`, `staff_id`, `total_amount`, `original_total_amount`, `payment_method`, `status`, `delivery_address`, `note`, `delivery_start_time`, `delivery_end_time`, `created_at`, `updated_at`) VALUES (23, '3PYWB6GRBW', 13, 8, 2636000.00, 2636000.00, 'cod', 'Đã đánh giá', 'Old Trafford', NULL, '2024-10-08 16:30:33', '2024-10-08 16:30:55', '2024-10-08 16:29:50', '2024-10-10 10:03:11');
INSERT INTO `orders` (`id`, `order_code`, `customer_id`, `staff_id`, `total_amount`, `original_total_amount`, `payment_method`, `status`, `delivery_address`, `note`, `delivery_start_time`, `delivery_end_time`, `created_at`, `updated_at`) VALUES (24, 'NA0F9L7TDK', 13, 8, 249000.00, 249000.00, 'cod', 'Đã giao hàng', 'Old Trafford', NULL, '2024-10-08 16:44:50', '2024-10-08 16:45:18', '2024-10-08 16:44:32', '2024-10-08 16:45:18');
INSERT INTO `orders` (`id`, `order_code`, `customer_id`, `staff_id`, `total_amount`, `original_total_amount`, `payment_method`, `status`, `delivery_address`, `note`, `delivery_start_time`, `delivery_end_time`, `created_at`, `updated_at`) VALUES (25, 'H9XAJOFBTF', 15, 16, 534000.00, 534000.00, 'cod', 'Đã đánh giá', 'Etihad', NULL, '2024-10-09 13:49:19', '2024-10-09 13:49:58', '2024-10-09 13:44:26', '2024-10-09 13:51:46');
INSERT INTO `orders` (`id`, `order_code`, `customer_id`, `staff_id`, `total_amount`, `original_total_amount`, `payment_method`, `status`, `delivery_address`, `note`, `delivery_start_time`, `delivery_end_time`, `created_at`, `updated_at`) VALUES (27, 'D0UIS9HMVB', 13, 18, 72000.00, 90000.00, 'cod', 'Đã giao hàng', 'Old Trafford', NULL, '2024-10-10 09:37:47', '2024-10-10 09:39:14', '2024-10-10 09:26:15', '2024-10-10 09:39:14');
INSERT INTO `orders` (`id`, `order_code`, `customer_id`, `staff_id`, `total_amount`, `original_total_amount`, `payment_method`, `status`, `delivery_address`, `note`, `delivery_start_time`, `delivery_end_time`, `created_at`, `updated_at`) VALUES (29, 'DZG70DJKEC', 13, 17, 283050.00, 333000.00, 'vnpay', 'Đã đánh giá', 'Old Trafford', NULL, '2024-10-10 09:37:25', '2024-10-10 09:38:32', '2024-10-10 09:31:56', '2024-10-10 09:42:22');
INSERT INTO `orders` (`id`, `order_code`, `customer_id`, `staff_id`, `total_amount`, `original_total_amount`, `payment_method`, `status`, `delivery_address`, `note`, `delivery_start_time`, `delivery_end_time`, `created_at`, `updated_at`) VALUES (31, '4GRZLKOOPY', 13, 18, 75000.00, 75000.00, 'vnpay', 'Đã đánh giá', 'Old Trafford', NULL, '2024-10-10 10:14:59', '2024-10-10 10:15:28', '2024-10-10 10:13:43', '2024-10-10 10:16:11');
INSERT INTO `orders` (`id`, `order_code`, `customer_id`, `staff_id`, `total_amount`, `original_total_amount`, `payment_method`, `status`, `delivery_address`, `note`, `delivery_start_time`, `delivery_end_time`, `created_at`, `updated_at`) VALUES (32, 'LDOLHUZRBD', 20, 18, 634950.00, 747000.00, 'vnpay', 'Đã đánh giá', '153 Haha', NULL, '2024-10-11 10:10:38', '2024-10-11 10:11:39', '2024-10-11 10:09:54', '2024-10-11 10:12:30');
INSERT INTO `password_reset_tokens` (`email`, `token`, `created_at`) VALUES ('nlcongthao@gmail.com', '$2y$12$0.gYFBkMnTC9klKioORcX.qOHqhQBUHEYjbYKXPH2g4.U9egrRvFC', '2024-10-11 10:00:36');
INSERT INTO `password_reset_tokens` (`email`, `token`, `created_at`) VALUES ('nlcongthao123@gmail.com', '$2y$12$mejgX.MWKWwXmo74PNJQqOSZ6VU2Q9fNwmJagxArhPMvcsv748nju', '2024-10-11 09:57:04');
INSERT INTO `products` (`id`, `category_id`, `product_name`, `description`, `price`, `image_url`, `slug`, `set_quantity`, `quantity`, `sold_quantity`, `created_at`, `updated_at`) VALUES (5, 3, 'Combo nhóm 2', '2 Miếng Gà + 1 Burger Zinger + 2 Pepsi (lớn)', 127000.00, 'products/1728028764_66ffa05c192d9.jpg', 'combo-nhom-2', 200, 196, 9, '2024-10-04 07:59:24', '2024-10-11 10:09:54');
INSERT INTO `products` (`id`, `category_id`, `product_name`, `description`, `price`, `image_url`, `slug`, `set_quantity`, `quantity`, `sold_quantity`, `created_at`, `updated_at`) VALUES (6, 3, 'Combo nhóm 3', '3 Miếng Gà + 1 Mì Ý Popcorn + 1 Khoai Tây Chiên (vừa) + 2 Pepsi (lớn)', 160000.00, 'products/1728028821_66ffa09507a24.jpg', 'combo-nhom-3', 200, 198, 3, '2024-10-04 08:00:21', '2024-10-08 16:29:50');
INSERT INTO `products` (`id`, `category_id`, `product_name`, `description`, `price`, `image_url`, `slug`, `set_quantity`, `quantity`, `sold_quantity`, `created_at`, `updated_at`) VALUES (7, 8, 'Combo Gà Rán 1', '1 Miếng Gà + 1 Khoai Tây Chiên / 1 Khoai Tây Nghiền & Bắp Cải Trộn + 1 Pepsi (lớn)', 59000.00, 'products/1728028872_66ffa0c840ecd.jpg', 'combo-ga-ran-1', 200, 199, 3, '2024-10-04 08:01:12', '2024-10-08 16:29:50');
INSERT INTO `products` (`id`, `category_id`, `product_name`, `description`, `price`, `image_url`, `slug`, `set_quantity`, `quantity`, `sold_quantity`, `created_at`, `updated_at`) VALUES (8, 8, 'Combo Gà Quay', '1 Đùi Gà Quay Flava + 1 Salad Hạt + 1 Lipton (lớn)', 117000.00, 'products/1728028913_66ffa0f16de2e.jpg', 'combo-ga-quay', 200, 197, 6, '2024-10-04 08:01:53', '2024-10-11 10:09:54');
INSERT INTO `products` (`id`, `category_id`, `product_name`, `description`, `price`, `image_url`, `slug`, `set_quantity`, `quantity`, `sold_quantity`, `created_at`, `updated_at`) VALUES (9, 8, 'Combo Phi-lê Gà Quay', '1 Phi-Lê Gà Quay Flava + 1 Salad Hạt + 1 Lipton (lớn)', 84000.00, 'products/1728028985_66ffa1390b313.jpg', 'combo-phi-le-ga-quay', 200, 197, 11, '2024-10-04 08:03:05', '2024-10-11 10:09:54');
INSERT INTO `products` (`id`, `category_id`, `product_name`, `description`, `price`, `image_url`, `slug`, `set_quantity`, `quantity`, `sold_quantity`, `created_at`, `updated_at`) VALUES (10, 8, 'Combo Burger Zinger', '1 Burger Zinger + 1 Khoai Tây Chiên (vừa) + 1 Pepsi (lớn)', 77000.00, 'products/1728029028_66ffa164aaf6f.jpg', 'combo-burger-zinger', 200, 198, 7, '2024-10-04 08:03:48', '2024-10-10 09:13:47');
INSERT INTO `products` (`id`, `category_id`, `product_name`, `description`, `price`, `image_url`, `slug`, `set_quantity`, `quantity`, `sold_quantity`, `created_at`, `updated_at`) VALUES (11, 8, 'Combo Mì Ý Gà Zinger', '1 Mì Ý Zinger + 1 Pepsi (lớn)', 67000.00, 'products/1728029076_66ffa194cab38.jpg', 'combo-mi-y-ga-zinger', 100, 98, 8, '2024-10-04 08:04:36', '2024-10-10 09:30:03');
INSERT INTO `products` (`id`, `category_id`, `product_name`, `description`, `price`, `image_url`, `slug`, `set_quantity`, `quantity`, `sold_quantity`, `created_at`, `updated_at`) VALUES (12, 8, 'Box Meal Pasta Zinger', '1 Mì Ý Zinger + 1 Miếng Gà + 1 Pepsi (lớn)', 99000.00, 'products/1728029146_66ffa1da3e4b7.jpg', 'box-meal-pasta-zinger', 100, 98, 6, '2024-10-04 08:05:46', '2024-10-10 09:30:03');
INSERT INTO `products` (`id`, `category_id`, `product_name`, `description`, `price`, `image_url`, `slug`, `set_quantity`, `quantity`, `sold_quantity`, `created_at`, `updated_at`) VALUES (13, 8, 'Combo Cơm Gà Rán', '1 Cơm Gà Rán + 1 Súp Rong Biển + 1 Pepsi (lớn)', 71000.00, 'products/1728029184_66ffa2009155f.jpg', 'combo-com-ga-ran', 100, 92, 8, '2024-10-04 08:06:24', '2024-10-11 10:09:54');
INSERT INTO `products` (`id`, `category_id`, `product_name`, `description`, `price`, `image_url`, `slug`, `set_quantity`, `quantity`, `sold_quantity`, `created_at`, `updated_at`) VALUES (14, 8, 'Combo Cơm Gà Teriyaki', '1 Cơm Teriyaki + 1 Súp Rong Biển + 1 Pepsi (lớn)', 69000.00, 'products/1728029249_66ffa241a1006.jpg', 'combo-com-ga-teriyaki', 100, 96, 4, '2024-10-04 08:07:29', '2024-10-11 10:09:54');
INSERT INTO `products` (`id`, `category_id`, `product_name`, `description`, `price`, `image_url`, `slug`, `set_quantity`, `quantity`, `sold_quantity`, `created_at`, `updated_at`) VALUES (15, 7, '1 Miếng Gà Rán', '1 Miếng Gà Giòn Cay/Gà Truyền Thống/Gà Giòn Không Cay', 35000.00, 'products/1728029290_66ffa26a55800.jpg', '1-mieng-ga-ran', 300, 298, 2, '2024-10-04 08:08:10', '2024-10-08 16:29:50');
INSERT INTO `products` (`id`, `category_id`, `product_name`, `description`, `price`, `image_url`, `slug`, `set_quantity`, `quantity`, `sold_quantity`, `created_at`, `updated_at`) VALUES (16, 7, '3 Cánh Gà Hot Wings', '3 Cánh Gà Hot Wings', 54000.00, 'products/1728029329_66ffa291c68c2.jpg', '3-canh-ga-hot-wings', 100, 95, 5, '2024-10-04 08:08:49', '2024-10-10 10:12:14');
INSERT INTO `products` (`id`, `category_id`, `product_name`, `description`, `price`, `image_url`, `slug`, `set_quantity`, `quantity`, `sold_quantity`, `created_at`, `updated_at`) VALUES (17, 7, '6 Miếng Gà Rán', '6 Miếng Gà Giòn Cay/Gà Truyền Thống/Gà Giòn Không Cay', 204000.00, 'products/1728029385_66ffa2c9af627.jpg', '6-mieng-ga-ran', 50, 45, 12, '2024-10-04 08:09:45', '2024-10-11 10:09:54');
INSERT INTO `products` (`id`, `category_id`, `product_name`, `description`, `price`, `image_url`, `slug`, `set_quantity`, `quantity`, `sold_quantity`, `created_at`, `updated_at`) VALUES (18, 7, '1 Miếng Đùi Gà Quay', '1 Miếng Đùi Gà Quay Giấy Bạc/Đùi Gà Quay Tiêu', 75000.00, 'products/1728029424_66ffa2f084d9d.jpg', '1-mieng-dui-ga-quay', 100, 94, 6, '2024-10-04 08:10:24', '2024-10-11 10:09:54');
INSERT INTO `products` (`id`, `category_id`, `product_name`, `description`, `price`, `image_url`, `slug`, `set_quantity`, `quantity`, `sold_quantity`, `created_at`, `updated_at`) VALUES (19, 7, 'Gà Viên (Lớn)', 'Gà Viên (Lớn)', 64000.00, 'products/1728029459_66ffa313dff43.jpg', 'ga-vien-lon', 300, 298, 2, '2024-10-04 08:10:59', '2024-10-08 16:29:50');
INSERT INTO `products` (`id`, `category_id`, `product_name`, `description`, `price`, `image_url`, `slug`, `set_quantity`, `quantity`, `sold_quantity`, `created_at`, `updated_at`) VALUES (20, 7, '3 Gà Miếng Nuggets', '3 Gà Miếng Nuggets', 27000.00, 'products/1728029498_66ffa33ada526.jpg', '3-ga-mieng-nuggets', 200, 197, 3, '2024-10-04 08:11:38', '2024-10-08 16:29:50');
INSERT INTO `products` (`id`, `category_id`, `product_name`, `description`, `price`, `image_url`, `slug`, `set_quantity`, `quantity`, `sold_quantity`, `created_at`, `updated_at`) VALUES (21, 7, '5 Gà Rán Tenders Vị Nguyên Bản', '5 Gà Rán Tenders Vị Nguyên Bản', 66000.00, 'products/1728029531_66ffa35b7073d.jpg', '5-ga-ran-tenders-vi-nguyen-ban', 100, 98, 2, '2024-10-04 08:12:11', '2024-10-08 16:29:50');
INSERT INTO `products` (`id`, `category_id`, `product_name`, `description`, `price`, `image_url`, `slug`, `set_quantity`, `quantity`, `sold_quantity`, `created_at`, `updated_at`) VALUES (22, 4, 'Burger Zinger', '1 Burger Zinger', 54000.00, 'products/1728029612_66ffa3acde7e8.jpg', 'burger-zinger', 200, 198, 3, '2024-10-04 08:13:32', '2024-10-08 16:29:50');
INSERT INTO `products` (`id`, `category_id`, `product_name`, `description`, `price`, `image_url`, `slug`, `set_quantity`, `quantity`, `sold_quantity`, `created_at`, `updated_at`) VALUES (23, 4, 'Com Gà Teriyaki', '1 Com Gà Teriyaki', 45000.00, 'products/1728029659_66ffa3dbf3cca.jpg', 'com-ga-teriyaki', 200, 197, 4, '2024-10-04 08:14:20', '2024-10-08 16:29:50');
INSERT INTO `products` (`id`, `category_id`, `product_name`, `description`, `price`, `image_url`, `slug`, `set_quantity`, `quantity`, `sold_quantity`, `created_at`, `updated_at`) VALUES (24, 4, 'Cơm Gà Rán', '1 Cơm Gà Rán', 48000.00, 'products/1728029698_66ffa402b5c04.jpg', 'com-ga-ran', 180, 178, 3, '2024-10-04 08:14:58', '2024-10-08 16:29:50');
INSERT INTO `products` (`id`, `category_id`, `product_name`, `description`, `price`, `image_url`, `slug`, `set_quantity`, `quantity`, `sold_quantity`, `created_at`, `updated_at`) VALUES (25, 4, 'Cơm Phi-lê Gà Quay', '1 Cơm Phi-lê Gà Quay', 47000.00, 'products/1728029737_66ffa429a90ab.jpg', 'com-phi-le-ga-quay', 80, 75, 6, '2024-10-04 08:15:37', '2024-10-09 13:44:26');
INSERT INTO `products` (`id`, `category_id`, `product_name`, `description`, `price`, `image_url`, `slug`, `set_quantity`, `quantity`, `sold_quantity`, `created_at`, `updated_at`) VALUES (26, 4, 'Mì Ý Gà Zinger', '1 Mì Ý Gà Zinger', 58000.00, 'products/1728029781_66ffa455e70e3.jpg', 'mi-y-ga-zinger', 80, 79, 2, '2024-10-04 08:16:21', '2024-10-08 16:29:50');
INSERT INTO `products` (`id`, `category_id`, `product_name`, `description`, `price`, `image_url`, `slug`, `set_quantity`, `quantity`, `sold_quantity`, `created_at`, `updated_at`) VALUES (27, 5, 'Salad Hạt', '1 Salad Hạt', 38000.00, 'products/1728029812_66ffa4746da22.jpg', 'salad-hat', 500, 495, 5, '2024-10-04 08:16:52', '2024-10-09 13:44:26');
INSERT INTO `products` (`id`, `category_id`, `product_name`, `description`, `price`, `image_url`, `slug`, `set_quantity`, `quantity`, `sold_quantity`, `created_at`, `updated_at`) VALUES (28, 5, '3 Cá Thanh', '3 Cá Thanh', 40000.00, 'products/1728029841_66ffa491286d3.jpg', '3-ca-thanh', 250, 245, 5, '2024-10-04 08:17:21', '2024-10-09 13:44:26');
INSERT INTO `products` (`id`, `category_id`, `product_name`, `description`, `price`, `image_url`, `slug`, `set_quantity`, `quantity`, `sold_quantity`, `created_at`, `updated_at`) VALUES (29, 5, '4 Phô Mai Viên', '4 Phô Mai Viên', 36000.00, 'products/1728029863_66ffa4a7482b4.jpg', '4-pho-mai-vien', 230, 223, 7, '2024-10-04 08:17:43', '2024-10-10 09:26:15');
INSERT INTO `products` (`id`, `category_id`, `product_name`, `description`, `price`, `image_url`, `slug`, `set_quantity`, `quantity`, `sold_quantity`, `created_at`, `updated_at`) VALUES (30, 5, 'Khoai Tây Chiên (Đại)', '1 Khoai Tây Chiên (Đại)', 38000.00, 'products/1728029912_66ffa4d83008a.jpg', 'khoai-tay-chien-dai', 350, 344, 6, '2024-10-04 08:18:32', '2024-10-09 13:44:26');
INSERT INTO `products` (`id`, `category_id`, `product_name`, `description`, `price`, `image_url`, `slug`, `set_quantity`, `quantity`, `sold_quantity`, `created_at`, `updated_at`) VALUES (31, 6, '2 Viên Khoai Môn Kim Sa', '2 Viên Khoai Môn Kim Sa', 26000.00, 'products/1728265833_67033e69acb8d.jpg', '2-vien-khoai-mon-kim-sa', 200, 198, 2, '2024-10-07 01:50:33', '2024-10-08 16:29:50');
INSERT INTO `products` (`id`, `category_id`, `product_name`, `description`, `price`, `image_url`, `slug`, `set_quantity`, `quantity`, `sold_quantity`, `created_at`, `updated_at`) VALUES (32, 6, '2 Thanh Bí Phô Mai', '2 Thanh Bí Phô Mai', 29000.00, 'products/1728265892_67033ea441688.jpg', '2-thanh-bi-pho-mai', 250, 248, 2, '2024-10-07 01:51:32', '2024-10-08 16:29:50');
INSERT INTO `products` (`id`, `category_id`, `product_name`, `description`, `price`, `image_url`, `slug`, `set_quantity`, `quantity`, `sold_quantity`, `created_at`, `updated_at`) VALUES (33, 6, 'Pepsi Lon', 'Pepsi Lon', 19000.00, 'products/1728265934_67033ece64624.jpg', 'pepsi-lon', 600, 597, 3, '2024-10-07 01:52:14', '2024-10-09 13:44:26');
INSERT INTO `products` (`id`, `category_id`, `product_name`, `description`, `price`, `image_url`, `slug`, `set_quantity`, `quantity`, `sold_quantity`, `created_at`, `updated_at`) VALUES (34, 6, '7Up Lon', '7Up Lon', 19000.00, 'products/1728265972_67033ef4b8f0a.jpg', '7up-lon', 600, 597, 3, '2024-10-07 01:52:52', '2024-10-09 13:44:26');
INSERT INTO `products` (`id`, `category_id`, `product_name`, `description`, `price`, `image_url`, `slug`, `set_quantity`, `quantity`, `sold_quantity`, `created_at`, `updated_at`) VALUES (35, 6, 'Aquafina 500ml', 'Aquafina 500ml', 15000.00, 'products/1728266016_67033f200e510.jpg', 'aquafina-500ml', 1000, 997, 3, '2024-10-07 01:53:36', '2024-10-09 13:44:26');
INSERT INTO `products` (`id`, `category_id`, `product_name`, `description`, `price`, `image_url`, `slug`, `set_quantity`, `quantity`, `sold_quantity`, `created_at`, `updated_at`) VALUES (36, 6, 'Trà Đào', 'Trà Đào', 24000.00, 'products/1728266060_67033f4cbe472.jpg', 'tra-dao', 400, 397, 3, '2024-10-07 01:54:20', '2024-10-09 13:44:26');
INSERT INTO `products` (`id`, `category_id`, `product_name`, `description`, `price`, `image_url`, `slug`, `set_quantity`, `quantity`, `sold_quantity`, `created_at`, `updated_at`) VALUES (37, 6, 'Trà Chanh Lipton', 'Trà Chanh Lipton', 12000.00, 'products/1728266136_67033f98bc289.jpg', 'tra-chanh-lipton', 250, 244, 6, '2024-10-07 01:55:36', '2024-10-09 13:44:26');
INSERT INTO `products` (`id`, `category_id`, `product_name`, `description`, `price`, `image_url`, `slug`, `set_quantity`, `quantity`, `sold_quantity`, `created_at`, `updated_at`) VALUES (38, 8, 'Combo Cơm Gà Viên Nanban HDB', '01 Cơm Gà Viên Nanban + 03 Miếng Gà Rán + 01 Khoai tây chiên (vừa)/ 01 Khoai tây nghiền & 01 Bắp cải trộn (vừa) + 02 Pepsi lon', 189000.00, 'products/1728616597_67089895c99ee.jpg', 'combo-com-ga-vien-nanban-hdb', 150, 100, 0, '2024-10-11 10:16:37', '2024-10-11 10:16:37');
INSERT INTO `products` (`id`, `category_id`, `product_name`, `description`, `price`, `image_url`, `slug`, `set_quantity`, `quantity`, `sold_quantity`, `created_at`, `updated_at`) VALUES (39, 5, 'Khoai Tây Nghiền (Lớn)', '1 Khoai Tây Nghiền (Lớn)', 22000.00, 'products/1728616762_6708993a0c9a7.jpg', 'khoai-tay-nghien-lon', 200, 100, 0, '2024-10-11 10:19:22', '2024-10-11 10:19:22');
INSERT INTO `products` (`id`, `category_id`, `product_name`, `description`, `price`, `image_url`, `slug`, `set_quantity`, `quantity`, `sold_quantity`, `created_at`, `updated_at`) VALUES (40, 5, 'Bắp Cải Trộn (Lớn)', '1 Bắp Cải Trộn (Lớn)', 22000.00, 'products/1728616812_6708996c5913d.jpg', 'bap-cai-tron-lon', 200, 100, 0, '2024-10-11 10:20:12', '2024-10-11 10:20:12');
INSERT INTO `products` (`id`, `category_id`, `product_name`, `description`, `price`, `image_url`, `slug`, `set_quantity`, `quantity`, `sold_quantity`, `created_at`, `updated_at`) VALUES (41, 5, 'Súp Rong Biển', '1 Súp Rong Biển', 19000.00, 'products/1728616847_6708998fd3b5c.jpg', 'sup-rong-bien', 200, 100, 0, '2024-10-11 10:20:47', '2024-10-11 10:20:47');
INSERT INTO `reviews` (`id`, `customer_id`, `product_id`, `rating`, `review`, `created_at`, `updated_at`) VALUES (9, 4, 9, 5, 'Ngon.', '2024-10-04 08:21:06', '2024-10-04 08:21:06');
INSERT INTO `reviews` (`id`, `customer_id`, `product_id`, `rating`, `review`, `created_at`, `updated_at`) VALUES (10, 4, 12, 5, 'Ngon.', '2024-10-04 08:21:06', '2024-10-04 08:21:06');
INSERT INTO `reviews` (`id`, `customer_id`, `product_id`, `rating`, `review`, `created_at`, `updated_at`) VALUES (11, 3, 5, 5, 'ngon hehe', '2024-10-04 11:57:26', '2024-10-04 11:57:26');
INSERT INTO `reviews` (`id`, `customer_id`, `product_id`, `rating`, `review`, `created_at`, `updated_at`) VALUES (12, 3, 8, 5, 'ngon hehe', '2024-10-04 11:57:26', '2024-10-04 11:57:26');
INSERT INTO `reviews` (`id`, `customer_id`, `product_id`, `rating`, `review`, `created_at`, `updated_at`) VALUES (13, 3, 12, 5, 'ngon hehe', '2024-10-04 11:57:26', '2024-10-04 11:57:26');
INSERT INTO `reviews` (`id`, `customer_id`, `product_id`, `rating`, `review`, `created_at`, `updated_at`) VALUES (14, 4, 7, 3, 'Giao hàng lâu', '2024-10-05 12:00:18', '2024-10-05 12:00:18');
INSERT INTO `reviews` (`id`, `customer_id`, `product_id`, `rating`, `review`, `created_at`, `updated_at`) VALUES (15, 4, 10, 3, 'Giao hàng lâu', '2024-10-05 12:00:18', '2024-10-05 12:00:18');
INSERT INTO `reviews` (`id`, `customer_id`, `product_id`, `rating`, `review`, `created_at`, `updated_at`) VALUES (16, 4, 7, 4, 'Hơi nguội', '2024-10-05 12:04:39', '2024-10-05 12:04:39');
INSERT INTO `reviews` (`id`, `customer_id`, `product_id`, `rating`, `review`, `created_at`, `updated_at`) VALUES (17, 4, 9, 4, 'Hơi nguội', '2024-10-05 12:04:39', '2024-10-05 12:04:39');
INSERT INTO `reviews` (`id`, `customer_id`, `product_id`, `rating`, `review`, `created_at`, `updated_at`) VALUES (18, 4, 11, 4, 'Hơi nguội', '2024-10-05 12:04:39', '2024-10-05 12:04:39');
INSERT INTO `reviews` (`id`, `customer_id`, `product_id`, `rating`, `review`, `created_at`, `updated_at`) VALUES (19, 4, 12, 4, 'Hơi nguội', '2024-10-05 12:04:39', '2024-10-05 12:04:39');
INSERT INTO `reviews` (`id`, `customer_id`, `product_id`, `rating`, `review`, `created_at`, `updated_at`) VALUES (20, 4, 5, 5, 'Good!!!', '2024-10-06 07:44:17', '2024-10-06 07:44:17');
INSERT INTO `reviews` (`id`, `customer_id`, `product_id`, `rating`, `review`, `created_at`, `updated_at`) VALUES (21, 4, 6, 5, 'Good!!!', '2024-10-06 07:44:17', '2024-10-06 07:44:17');
INSERT INTO `reviews` (`id`, `customer_id`, `product_id`, `rating`, `review`, `created_at`, `updated_at`) VALUES (22, 4, 11, 5, 'Good!!!', '2024-10-06 07:44:17', '2024-10-06 07:44:17');
INSERT INTO `reviews` (`id`, `customer_id`, `product_id`, `rating`, `review`, `created_at`, `updated_at`) VALUES (23, 4, 9, 3, 'Thiếu tương ớt : (', '2024-10-06 07:47:49', '2024-10-06 07:47:49');
INSERT INTO `reviews` (`id`, `customer_id`, `product_id`, `rating`, `review`, `created_at`, `updated_at`) VALUES (24, 4, 17, 3, 'Thiếu tương ớt : (', '2024-10-06 07:47:49', '2024-10-06 07:47:49');
INSERT INTO `reviews` (`id`, `customer_id`, `product_id`, `rating`, `review`, `created_at`, `updated_at`) VALUES (25, 11, 22, 5, 'Good for lunch!', '2024-10-07 02:09:00', '2024-10-07 02:09:00');
INSERT INTO `reviews` (`id`, `customer_id`, `product_id`, `rating`, `review`, `created_at`, `updated_at`) VALUES (26, 11, 23, 5, 'Good for lunch!', '2024-10-07 02:09:00', '2024-10-07 02:09:00');
INSERT INTO `reviews` (`id`, `customer_id`, `product_id`, `rating`, `review`, `created_at`, `updated_at`) VALUES (27, 11, 24, 5, 'Good for lunch!', '2024-10-07 02:09:00', '2024-10-07 02:09:00');
INSERT INTO `reviews` (`id`, `customer_id`, `product_id`, `rating`, `review`, `created_at`, `updated_at`) VALUES (28, 11, 25, 5, 'Good for lunch!', '2024-10-07 02:09:00', '2024-10-07 02:09:00');
INSERT INTO `reviews` (`id`, `customer_id`, `product_id`, `rating`, `review`, `created_at`, `updated_at`) VALUES (29, 11, 26, 5, 'Good for lunch!', '2024-10-07 02:09:00', '2024-10-07 02:09:00');
INSERT INTO `reviews` (`id`, `customer_id`, `product_id`, `rating`, `review`, `created_at`, `updated_at`) VALUES (30, 3, 5, 4, '123asd', '2024-10-07 07:18:30', '2024-10-07 07:18:30');
INSERT INTO `reviews` (`id`, `customer_id`, `product_id`, `rating`, `review`, `created_at`, `updated_at`) VALUES (31, 3, 9, 4, '123asd', '2024-10-07 07:18:30', '2024-10-07 07:18:30');
INSERT INTO `reviews` (`id`, `customer_id`, `product_id`, `rating`, `review`, `created_at`, `updated_at`) VALUES (32, 3, 11, 4, '123asd', '2024-10-07 07:18:30', '2024-10-07 07:18:30');
INSERT INTO `reviews` (`id`, `customer_id`, `product_id`, `rating`, `review`, `created_at`, `updated_at`) VALUES (33, 12, 15, 5, 'It so goood!!!!', '2024-10-07 08:20:35', '2024-10-07 08:20:35');
INSERT INTO `reviews` (`id`, `customer_id`, `product_id`, `rating`, `review`, `created_at`, `updated_at`) VALUES (34, 12, 16, 5, 'It so goood!!!!', '2024-10-07 08:20:35', '2024-10-07 08:20:35');
INSERT INTO `reviews` (`id`, `customer_id`, `product_id`, `rating`, `review`, `created_at`, `updated_at`) VALUES (35, 12, 17, 5, 'It so goood!!!!', '2024-10-07 08:20:35', '2024-10-07 08:20:35');
INSERT INTO `reviews` (`id`, `customer_id`, `product_id`, `rating`, `review`, `created_at`, `updated_at`) VALUES (36, 12, 18, 5, 'It so goood!!!!', '2024-10-07 08:20:35', '2024-10-07 08:20:35');
INSERT INTO `reviews` (`id`, `customer_id`, `product_id`, `rating`, `review`, `created_at`, `updated_at`) VALUES (37, 12, 19, 5, 'It so goood!!!!', '2024-10-07 08:20:35', '2024-10-07 08:20:35');
INSERT INTO `reviews` (`id`, `customer_id`, `product_id`, `rating`, `review`, `created_at`, `updated_at`) VALUES (38, 12, 20, 5, 'It so goood!!!!', '2024-10-07 08:20:35', '2024-10-07 08:20:35');
INSERT INTO `reviews` (`id`, `customer_id`, `product_id`, `rating`, `review`, `created_at`, `updated_at`) VALUES (39, 12, 21, 5, 'It so goood!!!!', '2024-10-07 08:20:35', '2024-10-07 08:20:35');
INSERT INTO `reviews` (`id`, `customer_id`, `product_id`, `rating`, `review`, `created_at`, `updated_at`) VALUES (40, 12, 27, 5, 'It so goood!!!!', '2024-10-07 08:20:35', '2024-10-07 08:20:35');
INSERT INTO `reviews` (`id`, `customer_id`, `product_id`, `rating`, `review`, `created_at`, `updated_at`) VALUES (41, 12, 28, 5, 'It so goood!!!!', '2024-10-07 08:20:35', '2024-10-07 08:20:35');
INSERT INTO `reviews` (`id`, `customer_id`, `product_id`, `rating`, `review`, `created_at`, `updated_at`) VALUES (42, 12, 29, 5, 'It so goood!!!!', '2024-10-07 08:20:35', '2024-10-07 08:20:35');
INSERT INTO `reviews` (`id`, `customer_id`, `product_id`, `rating`, `review`, `created_at`, `updated_at`) VALUES (43, 12, 30, 5, 'It so goood!!!!', '2024-10-07 08:20:35', '2024-10-07 08:20:35');
INSERT INTO `reviews` (`id`, `customer_id`, `product_id`, `rating`, `review`, `created_at`, `updated_at`) VALUES (44, 12, 31, 5, 'It so goood!!!!', '2024-10-07 08:20:35', '2024-10-07 08:20:35');
INSERT INTO `reviews` (`id`, `customer_id`, `product_id`, `rating`, `review`, `created_at`, `updated_at`) VALUES (45, 12, 32, 5, 'It so goood!!!!', '2024-10-07 08:20:35', '2024-10-07 08:20:35');
INSERT INTO `reviews` (`id`, `customer_id`, `product_id`, `rating`, `review`, `created_at`, `updated_at`) VALUES (46, 12, 33, 5, 'It so goood!!!!', '2024-10-07 08:20:35', '2024-10-07 08:20:35');
INSERT INTO `reviews` (`id`, `customer_id`, `product_id`, `rating`, `review`, `created_at`, `updated_at`) VALUES (47, 12, 34, 5, 'It so goood!!!!', '2024-10-07 08:20:35', '2024-10-07 08:20:35');
INSERT INTO `reviews` (`id`, `customer_id`, `product_id`, `rating`, `review`, `created_at`, `updated_at`) VALUES (48, 12, 35, 5, 'It so goood!!!!', '2024-10-07 08:20:35', '2024-10-07 08:20:35');
INSERT INTO `reviews` (`id`, `customer_id`, `product_id`, `rating`, `review`, `created_at`, `updated_at`) VALUES (49, 12, 36, 5, 'It so goood!!!!', '2024-10-07 08:20:35', '2024-10-07 08:20:35');
INSERT INTO `reviews` (`id`, `customer_id`, `product_id`, `rating`, `review`, `created_at`, `updated_at`) VALUES (50, 12, 37, 5, 'It so goood!!!!', '2024-10-07 08:20:35', '2024-10-07 08:20:35');
INSERT INTO `reviews` (`id`, `customer_id`, `product_id`, `rating`, `review`, `created_at`, `updated_at`) VALUES (51, 15, 25, 2, 'Giao hàng lâu.', '2024-10-09 13:51:46', '2024-10-09 13:51:46');
INSERT INTO `reviews` (`id`, `customer_id`, `product_id`, `rating`, `review`, `created_at`, `updated_at`) VALUES (52, 15, 27, 2, 'Giao hàng lâu.', '2024-10-09 13:51:46', '2024-10-09 13:51:46');
INSERT INTO `reviews` (`id`, `customer_id`, `product_id`, `rating`, `review`, `created_at`, `updated_at`) VALUES (53, 15, 28, 2, 'Giao hàng lâu.', '2024-10-09 13:51:46', '2024-10-09 13:51:46');
INSERT INTO `reviews` (`id`, `customer_id`, `product_id`, `rating`, `review`, `created_at`, `updated_at`) VALUES (54, 15, 29, 2, 'Giao hàng lâu.', '2024-10-09 13:51:46', '2024-10-09 13:51:46');
INSERT INTO `reviews` (`id`, `customer_id`, `product_id`, `rating`, `review`, `created_at`, `updated_at`) VALUES (55, 15, 30, 2, 'Giao hàng lâu.', '2024-10-09 13:51:46', '2024-10-09 13:51:46');
INSERT INTO `reviews` (`id`, `customer_id`, `product_id`, `rating`, `review`, `created_at`, `updated_at`) VALUES (56, 15, 33, 2, 'Giao hàng lâu.', '2024-10-09 13:51:46', '2024-10-09 13:51:46');
INSERT INTO `reviews` (`id`, `customer_id`, `product_id`, `rating`, `review`, `created_at`, `updated_at`) VALUES (57, 15, 34, 2, 'Giao hàng lâu.', '2024-10-09 13:51:46', '2024-10-09 13:51:46');
INSERT INTO `reviews` (`id`, `customer_id`, `product_id`, `rating`, `review`, `created_at`, `updated_at`) VALUES (58, 15, 35, 2, 'Giao hàng lâu.', '2024-10-09 13:51:46', '2024-10-09 13:51:46');
INSERT INTO `reviews` (`id`, `customer_id`, `product_id`, `rating`, `review`, `created_at`, `updated_at`) VALUES (59, 15, 36, 2, 'Giao hàng lâu.', '2024-10-09 13:51:46', '2024-10-09 13:51:46');
INSERT INTO `reviews` (`id`, `customer_id`, `product_id`, `rating`, `review`, `created_at`, `updated_at`) VALUES (60, 15, 37, 2, 'Giao hàng lâu.', '2024-10-09 13:51:46', '2024-10-09 13:51:46');
INSERT INTO `reviews` (`id`, `customer_id`, `product_id`, `rating`, `review`, `created_at`, `updated_at`) VALUES (61, 13, 16, 3, 'Thermmm', '2024-10-10 09:42:22', '2024-10-10 09:42:22');
INSERT INTO `reviews` (`id`, `customer_id`, `product_id`, `rating`, `review`, `created_at`, `updated_at`) VALUES (62, 13, 17, 3, 'Thermmm', '2024-10-10 09:42:22', '2024-10-10 09:42:22');
INSERT INTO `reviews` (`id`, `customer_id`, `product_id`, `rating`, `review`, `created_at`, `updated_at`) VALUES (63, 13, 18, 3, 'Thermmm', '2024-10-10 09:42:22', '2024-10-10 09:42:22');
INSERT INTO `reviews` (`id`, `customer_id`, `product_id`, `rating`, `review`, `created_at`, `updated_at`) VALUES (64, 13, 5, 4, 'Tạm', '2024-10-10 10:03:11', '2024-10-10 10:03:11');
INSERT INTO `reviews` (`id`, `customer_id`, `product_id`, `rating`, `review`, `created_at`, `updated_at`) VALUES (65, 13, 6, 4, 'Tạm', '2024-10-10 10:03:11', '2024-10-10 10:03:11');
INSERT INTO `reviews` (`id`, `customer_id`, `product_id`, `rating`, `review`, `created_at`, `updated_at`) VALUES (66, 13, 22, 4, 'Tạm', '2024-10-10 10:03:11', '2024-10-10 10:03:11');
INSERT INTO `reviews` (`id`, `customer_id`, `product_id`, `rating`, `review`, `created_at`, `updated_at`) VALUES (67, 13, 23, 4, 'Tạm', '2024-10-10 10:03:11', '2024-10-10 10:03:11');
INSERT INTO `reviews` (`id`, `customer_id`, `product_id`, `rating`, `review`, `created_at`, `updated_at`) VALUES (68, 13, 24, 4, 'Tạm', '2024-10-10 10:03:11', '2024-10-10 10:03:11');
INSERT INTO `reviews` (`id`, `customer_id`, `product_id`, `rating`, `review`, `created_at`, `updated_at`) VALUES (69, 13, 25, 4, 'Tạm', '2024-10-10 10:03:11', '2024-10-10 10:03:11');
INSERT INTO `reviews` (`id`, `customer_id`, `product_id`, `rating`, `review`, `created_at`, `updated_at`) VALUES (70, 13, 26, 4, 'Tạm', '2024-10-10 10:03:11', '2024-10-10 10:03:11');
INSERT INTO `reviews` (`id`, `customer_id`, `product_id`, `rating`, `review`, `created_at`, `updated_at`) VALUES (71, 13, 27, 4, 'Tạm', '2024-10-10 10:03:11', '2024-10-10 10:03:11');
INSERT INTO `reviews` (`id`, `customer_id`, `product_id`, `rating`, `review`, `created_at`, `updated_at`) VALUES (72, 13, 28, 4, 'Tạm', '2024-10-10 10:03:11', '2024-10-10 10:03:11');
INSERT INTO `reviews` (`id`, `customer_id`, `product_id`, `rating`, `review`, `created_at`, `updated_at`) VALUES (73, 13, 29, 4, 'Tạm', '2024-10-10 10:03:11', '2024-10-10 10:03:11');
INSERT INTO `reviews` (`id`, `customer_id`, `product_id`, `rating`, `review`, `created_at`, `updated_at`) VALUES (74, 13, 30, 4, 'Tạm', '2024-10-10 10:03:11', '2024-10-10 10:03:11');
INSERT INTO `reviews` (`id`, `customer_id`, `product_id`, `rating`, `review`, `created_at`, `updated_at`) VALUES (75, 13, 31, 4, 'Tạm', '2024-10-10 10:03:11', '2024-10-10 10:03:11');
INSERT INTO `reviews` (`id`, `customer_id`, `product_id`, `rating`, `review`, `created_at`, `updated_at`) VALUES (76, 13, 32, 4, 'Tạm', '2024-10-10 10:03:11', '2024-10-10 10:03:11');
INSERT INTO `reviews` (`id`, `customer_id`, `product_id`, `rating`, `review`, `created_at`, `updated_at`) VALUES (77, 13, 33, 4, 'Tạm', '2024-10-10 10:03:11', '2024-10-10 10:03:11');
INSERT INTO `reviews` (`id`, `customer_id`, `product_id`, `rating`, `review`, `created_at`, `updated_at`) VALUES (78, 13, 34, 4, 'Tạm', '2024-10-10 10:03:11', '2024-10-10 10:03:11');
INSERT INTO `reviews` (`id`, `customer_id`, `product_id`, `rating`, `review`, `created_at`, `updated_at`) VALUES (79, 13, 35, 4, 'Tạm', '2024-10-10 10:03:11', '2024-10-10 10:03:11');
INSERT INTO `reviews` (`id`, `customer_id`, `product_id`, `rating`, `review`, `created_at`, `updated_at`) VALUES (80, 13, 36, 4, 'Tạm', '2024-10-10 10:03:11', '2024-10-10 10:03:11');
INSERT INTO `reviews` (`id`, `customer_id`, `product_id`, `rating`, `review`, `created_at`, `updated_at`) VALUES (81, 13, 37, 4, 'Tạm', '2024-10-10 10:03:11', '2024-10-10 10:03:11');
INSERT INTO `reviews` (`id`, `customer_id`, `product_id`, `rating`, `review`, `created_at`, `updated_at`) VALUES (82, 13, 15, 4, 'Tạm', '2024-10-10 10:03:11', '2024-10-10 10:03:11');
INSERT INTO `reviews` (`id`, `customer_id`, `product_id`, `rating`, `review`, `created_at`, `updated_at`) VALUES (83, 13, 16, 4, 'Tạm', '2024-10-10 10:03:11', '2024-10-10 10:03:11');
INSERT INTO `reviews` (`id`, `customer_id`, `product_id`, `rating`, `review`, `created_at`, `updated_at`) VALUES (84, 13, 17, 4, 'Tạm', '2024-10-10 10:03:11', '2024-10-10 10:03:11');
INSERT INTO `reviews` (`id`, `customer_id`, `product_id`, `rating`, `review`, `created_at`, `updated_at`) VALUES (85, 13, 18, 4, 'Tạm', '2024-10-10 10:03:11', '2024-10-10 10:03:11');
INSERT INTO `reviews` (`id`, `customer_id`, `product_id`, `rating`, `review`, `created_at`, `updated_at`) VALUES (86, 13, 19, 4, 'Tạm', '2024-10-10 10:03:11', '2024-10-10 10:03:11');
INSERT INTO `reviews` (`id`, `customer_id`, `product_id`, `rating`, `review`, `created_at`, `updated_at`) VALUES (87, 13, 20, 4, 'Tạm', '2024-10-10 10:03:11', '2024-10-10 10:03:11');
INSERT INTO `reviews` (`id`, `customer_id`, `product_id`, `rating`, `review`, `created_at`, `updated_at`) VALUES (88, 13, 21, 4, 'Tạm', '2024-10-10 10:03:11', '2024-10-10 10:03:11');
INSERT INTO `reviews` (`id`, `customer_id`, `product_id`, `rating`, `review`, `created_at`, `updated_at`) VALUES (89, 13, 7, 4, 'Tạm', '2024-10-10 10:03:11', '2024-10-10 10:03:11');
INSERT INTO `reviews` (`id`, `customer_id`, `product_id`, `rating`, `review`, `created_at`, `updated_at`) VALUES (90, 13, 8, 4, 'Tạm', '2024-10-10 10:03:11', '2024-10-10 10:03:11');
INSERT INTO `reviews` (`id`, `customer_id`, `product_id`, `rating`, `review`, `created_at`, `updated_at`) VALUES (91, 13, 9, 4, 'Tạm', '2024-10-10 10:03:11', '2024-10-10 10:03:11');
INSERT INTO `reviews` (`id`, `customer_id`, `product_id`, `rating`, `review`, `created_at`, `updated_at`) VALUES (92, 13, 10, 4, 'Tạm', '2024-10-10 10:03:11', '2024-10-10 10:03:11');
INSERT INTO `reviews` (`id`, `customer_id`, `product_id`, `rating`, `review`, `created_at`, `updated_at`) VALUES (93, 13, 11, 4, 'Tạm', '2024-10-10 10:03:11', '2024-10-10 10:03:11');
INSERT INTO `reviews` (`id`, `customer_id`, `product_id`, `rating`, `review`, `created_at`, `updated_at`) VALUES (94, 13, 12, 4, 'Tạm', '2024-10-10 10:03:11', '2024-10-10 10:03:11');
INSERT INTO `reviews` (`id`, `customer_id`, `product_id`, `rating`, `review`, `created_at`, `updated_at`) VALUES (95, 13, 13, 4, 'Tạm', '2024-10-10 10:03:11', '2024-10-10 10:03:11');
INSERT INTO `reviews` (`id`, `customer_id`, `product_id`, `rating`, `review`, `created_at`, `updated_at`) VALUES (96, 13, 14, 4, 'Tạm', '2024-10-10 10:03:11', '2024-10-10 10:03:11');
INSERT INTO `reviews` (`id`, `customer_id`, `product_id`, `rating`, `review`, `created_at`, `updated_at`) VALUES (97, 13, 18, 5, 'good!', '2024-10-10 10:16:11', '2024-10-10 10:16:11');
INSERT INTO `reviews` (`id`, `customer_id`, `product_id`, `rating`, `review`, `created_at`, `updated_at`) VALUES (98, 20, 5, 5, 'Perfect.', '2024-10-11 10:12:30', '2024-10-11 10:12:30');
INSERT INTO `reviews` (`id`, `customer_id`, `product_id`, `rating`, `review`, `created_at`, `updated_at`) VALUES (99, 20, 8, 5, 'Perfect.', '2024-10-11 10:12:30', '2024-10-11 10:12:30');
INSERT INTO `reviews` (`id`, `customer_id`, `product_id`, `rating`, `review`, `created_at`, `updated_at`) VALUES (100, 20, 9, 5, 'Perfect.', '2024-10-11 10:12:30', '2024-10-11 10:12:30');
INSERT INTO `reviews` (`id`, `customer_id`, `product_id`, `rating`, `review`, `created_at`, `updated_at`) VALUES (101, 20, 13, 5, 'Perfect.', '2024-10-11 10:12:30', '2024-10-11 10:12:30');
INSERT INTO `reviews` (`id`, `customer_id`, `product_id`, `rating`, `review`, `created_at`, `updated_at`) VALUES (102, 20, 14, 5, 'Perfect.', '2024-10-11 10:12:30', '2024-10-11 10:12:30');
INSERT INTO `reviews` (`id`, `customer_id`, `product_id`, `rating`, `review`, `created_at`, `updated_at`) VALUES (103, 20, 17, 5, 'Perfect.', '2024-10-11 10:12:30', '2024-10-11 10:12:30');
INSERT INTO `reviews` (`id`, `customer_id`, `product_id`, `rating`, `review`, `created_at`, `updated_at`) VALUES (104, 20, 18, 5, 'Perfect.', '2024-10-11 10:12:30', '2024-10-11 10:12:30');
INSERT INTO `roles` (`id`, `name`, `created_at`, `updated_at`) VALUES (1, 'admin', '2024-10-04 02:45:54', '2024-10-04 02:45:54');
INSERT INTO `roles` (`id`, `name`, `created_at`, `updated_at`) VALUES (2, 'customer', '2024-10-04 02:46:06', '2024-10-04 02:46:06');
INSERT INTO `roles` (`id`, `name`, `created_at`, `updated_at`) VALUES (3, 'staff', '2024-10-04 02:46:12', '2024-10-04 02:46:12');
INSERT INTO `sessions` (`id`, `user_id`, `ip_address`, `user_agent`, `payload`, `last_activity`) VALUES ('AV9AkmuuQloBUUyfEtNg0tgD0SnnaVnJ05sprvKV', 20, '127.0.0.1', 'Mozilla/5.0 (Windows NT 10.0; Win64; x64) AppleWebKit/537.36 (KHTML, like Gecko) Chrome/129.0.0.0 Safari/537.36', 'YTo4OntzOjY6Il90b2tlbiI7czo0MDoidkF1cDlhaTFkaEltNXp3WlJEcEFSSFVDWnZrWVJ1ZWtLeHpBU0FhcCI7czo5OiJfcHJldmlvdXMiO2E6MTp7czozOiJ1cmwiO3M6MjE6Imh0dHA6Ly9sb2NhbGhvc3Q6ODAwMCI7fXM6NjoiX2ZsYXNoIjthOjI6e3M6Mzoib2xkIjthOjA6e31zOjM6Im5ldyI7YTowOnt9fXM6NTA6ImxvZ2luX3dlYl81OWJhMzZhZGRjMmIyZjk0MDE1ODBmMDE0YzdmNThlYTRlMzA5ODlkIjtpOjIwO3M6MTY6ImRlbGl2ZXJ5X2FkZHJlc3MiO3M6ODoiMTUzIEhhaGEiO3M6NDoibm90ZSI7TjtzOjIxOiJvcmlnaW5hbF90b3RhbF9hbW91bnQiO2k6NzQ3MDAwO3M6OToiY291cG9uX2lkIjtpOjM7fQ==', 1728616497);
INSERT INTO `sessions` (`id`, `user_id`, `ip_address`, `user_agent`, `payload`, `last_activity`) VALUES ('fyjQO3Fm1exFUjzfeBCjPqGBDYxpm6GOxWkxa0qg', 1, '127.0.0.1', 'Mozilla/5.0 (Windows NT 10.0; Win64; x64) AppleWebKit/537.36 (KHTML, like Gecko) Chrome/129.0.0.0 Safari/537.36', 'YTo0OntzOjY6Il90b2tlbiI7czo0MDoiWFh6NWZFOTNGemdaZXphTnl2dHY3V3FiTjRraDY1UjFyVnUwMXg1byI7czo2OiJfZmxhc2giO2E6Mjp7czozOiJvbGQiO2E6MDp7fXM6MzoibmV3IjthOjA6e319czo5OiJfcHJldmlvdXMiO2E6MTp7czozOiJ1cmwiO3M6NjE6Imh0dHA6Ly9sb2NhbGhvc3Q6ODAwMC9hZG1pbi9zdGF0aXN0aWNhbC9zdGFmZj90aW1lRnJhbWU9bW9udGgiO31zOjUwOiJsb2dpbl93ZWJfNTliYTM2YWRkYzJiMmY5NDAxNTgwZjAxNGM3ZjU4ZWE0ZTMwOTg5ZCI7aToxO30=', 1728617650);
INSERT INTO `sessions` (`id`, `user_id`, `ip_address`, `user_agent`, `payload`, `last_activity`) VALUES ('meF2ONtIWx0TfVfKGK1iq4B5xzkHl6kLQvj7Vbf7', NULL, '127.0.0.1', 'Mozilla/5.0 (Windows NT 10.0; Win64; x64) AppleWebKit/537.36 (KHTML, like Gecko) Chrome/128.0.0.0 Safari/537.36 AVG/128.0.0.0', 'YTozOntzOjY6Il90b2tlbiI7czo0MDoibGhoMjlxZ0t0WGlqcHh6bEFacGRBYnFCMUkxSnFER2lHNVZZc0dYRiI7czo2OiJfZmxhc2giO2E6Mjp7czozOiJvbGQiO2E6MDp7fXM6MzoibmV3IjthOjA6e319czo5OiJfcHJldmlvdXMiO2E6MTp7czozOiJ1cmwiO3M6MjE6Imh0dHA6Ly9sb2NhbGhvc3Q6ODAwMCI7fX0=', 1728617153);
INSERT INTO `sessions` (`id`, `user_id`, `ip_address`, `user_agent`, `payload`, `last_activity`) VALUES ('sR9h5nI6miOQoA1H1wVqIWrBLwZsmpVGWPHhJ7zy', NULL, '127.0.0.1', 'Mozilla/5.0 (Windows NT 10.0; Win64; x64) AppleWebKit/537.36 (KHTML, like Gecko) Chrome/128.0.0.0 Safari/537.36 AVG/128.0.0.0', 'YTozOntzOjY6Il90b2tlbiI7czo0MDoiWWJXRGlDQXNTN3VjWDVFQ25BdHVmd3RyWEtEcVlOc0w5dEJqZG9FdyI7czo5OiJfcHJldmlvdXMiO2E6MTp7czozOiJ1cmwiO3M6MjE6Imh0dHA6Ly8xMjcuMC4wLjE6ODAwMCI7fXM6NjoiX2ZsYXNoIjthOjI6e3M6Mzoib2xkIjthOjA6e31zOjM6Im5ldyI7YTowOnt9fX0=', 1728963068);
INSERT INTO `user_coupons` (`id`, `user_id`, `coupon_id`, `created_at`, `updated_at`) VALUES (3, 13, 2, '2024-10-10 09:26:15', '2024-10-10 09:26:15');
INSERT INTO `user_coupons` (`id`, `user_id`, `coupon_id`, `created_at`, `updated_at`) VALUES (5, 13, 3, '2024-10-10 09:31:56', '2024-10-10 09:31:56');
INSERT INTO `user_coupons` (`id`, `user_id`, `coupon_id`, `created_at`, `updated_at`) VALUES (6, 20, 3, '2024-10-11 10:09:54', '2024-10-11 10:09:54');
INSERT INTO `users` (`id`, `email`, `phone`, `name`, `address`, `role_id`, `email_verified_at`, `password`, `remember_token`, `created_at`, `updated_at`) VALUES (1, 'test@example.com', NULL, 'Test User', NULL, 1, '2024-10-04 02:45:54', '$2y$12$H/sfuCKo7.JS7ryb9fXno.DYFwWx9DVThx.L8G8NpXMNLmeiFHcR6', 'jaX0aFZxSKAjePvCpgm6NaNMOdbNYLRR0HUYPl7xF507BxkUFhW4k1oph1xZ', '2024-10-04 02:45:54', '2024-10-04 02:45:54');
INSERT INTO `users` (`id`, `email`, `phone`, `name`, `address`, `role_id`, `email_verified_at`, `password`, `remember_token`, `created_at`, `updated_at`) VALUES (2, 'staff123@gmail.com', '0395881351', 'Nguyễn Văn A', NULL, 3, NULL, '$2y$12$PSZiutD2/7miypN4ALFj3uN6UlmxKuIDQzuYa9CvHKrD9FcLE0wiC', NULL, '2024-10-04 02:50:08', '2024-10-07 07:53:47');
INSERT INTO `users` (`id`, `email`, `phone`, `name`, `address`, `role_id`, `email_verified_at`, `password`, `remember_token`, `created_at`, `updated_at`) VALUES (3, 'nlcongthao@gmail.com', '0935877204', 'Thao', '123 Cao Bang', 2, NULL, '$2y$12$xMJeF84CFgC9LfxHW0liX.l49PCssum1/JFksJa.dV0TGmRLScRwi', NULL, '2024-10-04 02:50:24', '2024-10-04 02:56:10');
INSERT INTO `users` (`id`, `email`, `phone`, `name`, `address`, `role_id`, `email_verified_at`, `password`, `remember_token`, `created_at`, `updated_at`) VALUES (4, 'huyne@gmail.com', '0935877202', 'Huy', '153 Haha', 2, NULL, '$2y$12$3dbb0ZxCOxk28DYF21CUYe2OxmrIXZcYiFaVFQ2Wh1nMmwiKvdQAi', NULL, '2024-10-04 07:37:41', '2024-10-04 07:37:41');
INSERT INTO `users` (`id`, `email`, `phone`, `name`, `address`, `role_id`, `email_verified_at`, `password`, `remember_token`, `created_at`, `updated_at`) VALUES (5, 'khabanh@gmail.com', '0905000123', 'Nguyễn Khá Bảnh', NULL, 3, NULL, '$2y$12$xr8qhR6R1VExjl5L/jS9ee5hNtPRzERjA0q5H/nfpsHK1a0ZIvP5e', NULL, '2024-10-06 08:17:01', '2024-10-06 08:17:01');
INSERT INTO `users` (`id`, `email`, `phone`, `name`, `address`, `role_id`, `email_verified_at`, `password`, `remember_token`, `created_at`, `updated_at`) VALUES (8, 'jack5cu@gmail.com', '0900000000', 'Trịnh Trần Phương Tuấn', NULL, 3, NULL, '$2y$12$s8CIeIuSfMa4R8eHe662NOKzmM637LOK.WCimUTXuBBT96WKILWgC', NULL, '2024-10-06 09:23:06', '2024-10-08 10:20:29');
INSERT INTO `users` (`id`, `email`, `phone`, `name`, `address`, `role_id`, `email_verified_at`, `password`, `remember_token`, `created_at`, `updated_at`) VALUES (9, 'ronaldo@gmail.com', NULL, 'Ronaldo', NULL, 2, NULL, '$2y$12$f8cuuz4DomjBycAMy4EGsuBlzzNYtPj39jfvp0vE/LrLrvtmza2Mq', NULL, '2024-10-06 09:25:04', '2024-10-06 09:25:04');
INSERT INTO `users` (`id`, `email`, `phone`, `name`, `address`, `role_id`, `email_verified_at`, `password`, `remember_token`, `created_at`, `updated_at`) VALUES (10, 'messi@gmail.com', NULL, 'Messi', NULL, 2, NULL, '$2y$12$0Gsm4VTlVK9CK.izz/bPUuBXqG7tFdt6t5Jwne1nlPhcINl9AmGDm', NULL, '2024-10-06 09:25:24', '2024-10-06 09:25:24');
INSERT INTO `users` (`id`, `email`, `phone`, `name`, `address`, `role_id`, `email_verified_at`, `password`, `remember_token`, `created_at`, `updated_at`) VALUES (11, 'lukaku@gmail.com', '0123456789', 'Lukaku', '193 Nguyễn Lương Bằng', 2, NULL, '$2y$12$Q4ScPPNo8bRHd9FwPToUHeXlD.ZHLgINePwaOdt7bQ9yqL8gnpbUW', NULL, '2024-10-07 02:04:45', '2024-10-07 02:04:45');
INSERT INTO `users` (`id`, `email`, `phone`, `name`, `address`, `role_id`, `email_verified_at`, `password`, `remember_token`, `created_at`, `updated_at`) VALUES (12, 'mbappe@gmail.com', '0909090909', 'Mbappe', '153 Haha', 2, NULL, '$2y$12$NXrDBUnaCkYtWbre54XOO.e8LOZmPVyOk0sXbRIP2yfaaNorDU9rq', NULL, '2024-10-07 08:10:04', '2024-10-07 08:10:04');
INSERT INTO `users` (`id`, `email`, `phone`, `name`, `address`, `role_id`, `email_verified_at`, `password`, `remember_token`, `created_at`, `updated_at`) VALUES (13, 'tenhag@gmail.com', '0909123123', 'Erik Ten Hag', 'Old Trafford', 2, NULL, '$2y$12$6ofFPEfj/jyQYufIlzDiK.w4cypVLGXxowbEja0apozI65WGcgtSC', NULL, '2024-10-08 10:16:29', '2024-10-08 10:16:29');
INSERT INTO `users` (`id`, `email`, `phone`, `name`, `address`, `role_id`, `email_verified_at`, `password`, `remember_token`, `created_at`, `updated_at`) VALUES (14, 'garnacho@gmail.com', '0935877000', 'Garnacho', 'Old Trafford', 2, NULL, '$2y$12$qtIP/baLpBHZlcrioFVBaesqlEBpTnMGBN6RenLGQImq/zS0GUFb2', NULL, '2024-10-08 16:11:16', '2024-10-08 16:11:16');
INSERT INTO `users` (`id`, `email`, `phone`, `name`, `address`, `role_id`, `email_verified_at`, `password`, `remember_token`, `created_at`, `updated_at`) VALUES (15, 'kevin@gmail.com', '0902020304', 'Kevin De Bruyne', 'Etihad', 2, NULL, '$2y$12$9DzRMgoQ1x1d9GR04Q2A6eISOiWgSq1f/EkqDk5ficSlHbnpBPgUm', NULL, '2024-10-09 13:43:27', '2024-10-09 13:43:27');
INSERT INTO `users` (`id`, `email`, `phone`, `name`, `address`, `role_id`, `email_verified_at`, `password`, `remember_token`, `created_at`, `updated_at`) VALUES (16, 'dophung@gmail.com', '01262795544', 'Thanh Độ', NULL, 3, NULL, '$2y$12$dBHZxBCpiBo5OO5s.1n.2OyzBY4yYBugc.vZQG4RnWq/rgKa05ghu', NULL, '2024-10-09 13:49:02', '2024-10-09 13:49:02');
INSERT INTO `users` (`id`, `email`, `phone`, `name`, `address`, `role_id`, `email_verified_at`, `password`, `remember_token`, `created_at`, `updated_at`) VALUES (17, 'nguyenanh@gmail.com', '0123456789', 'Nguyễn Ánh', NULL, 3, NULL, '$2y$12$h2PR0eKiUHuqjomHF1ve4Ob0vI3nEINKDArouv5805WQQvg.7TBzm', NULL, '2024-10-10 09:36:32', '2024-10-10 09:36:32');
INSERT INTO `users` (`id`, `email`, `phone`, `name`, `address`, `role_id`, `email_verified_at`, `password`, `remember_token`, `created_at`, `updated_at`) VALUES (18, 'namcao@gmail.com', '0123456789', 'Nam Cao', NULL, 3, NULL, '$2y$12$pbQ2fJdaiHw0zw4IQOlQtO9PpLce3IILLTEOIytmtjNFyzPq5zcLy', NULL, '2024-10-10 09:37:02', '2024-10-10 09:37:09');
INSERT INTO `users` (`id`, `email`, `phone`, `name`, `address`, `role_id`, `email_verified_at`, `password`, `remember_token`, `created_at`, `updated_at`) VALUES (19, 'nlcongthao123@gmail.com', NULL, 'Thảo', NULL, 2, NULL, '$2y$12$nlzJ7YyWruUGb3wdymYEHujjqpmUp2yYErV2IkzJI5sgH3pY0L0ea', NULL, '2024-10-11 09:56:56', '2024-10-11 09:56:56');
INSERT INTO `users` (`id`, `email`, `phone`, `name`, `address`, `role_id`, `email_verified_at`, `password`, `remember_token`, `created_at`, `updated_at`) VALUES (20, 'hue@gmail.com', '0935111111', 'Huế', '153 Haha', 2, NULL, '$2y$12$1uO9am5S8eHef7CwokGhoep7pGedwOKljlqxhx6K7.5n1V0OfOsre', NULL, '2024-10-11 10:07:21', '2024-10-11 10:07:21');
